month,region,product,tg_per_kg
2024-09,Абай,barley,54.768
2026-01,Абай,barley,55.162
2022-10,Акмолинская,barley,90.323
2022-11,Акмолинская,barley,85.497
2022-12,Акмолинская,barley,83.891
2023-01,Акмолинская,barley,85.076
2023-02,Акмолинская,barley,89.856
2023-04,Акмолинская,barley,85.039
2023-05,Акмолинская,barley,104.8
2023-08,Акмолинская,barley,75.204
2023-09,Акмолинская,barley,61.396
2023-10,Акмолинская,barley,57.915
2023-11,Акмолинская,barley,60.02
2023-12,Акмолинская,barley,61.799
2025-02,Акмолинская,barley,48.214
2025-09,Акмолинская,barley,75.893
2025-12,Акмолинская,barley,70.536
2022-10,Актюбинская,barley,80.986
2022-11,Актюбинская,barley,77.696
2023-01,Актюбинская,barley,75.065
2024-11,Актюбинская,barley,46.207
2025-10,Актюбинская,barley,63.303
2025-11,Актюбинская,barley,72.457
2022-12,Алматинская,barley,95.051
2022-10,Восточно-Казахстанская,barley,74.265
2022-11,Восточно-Казахстанская,barley,91.559
2022-12,Восточно-Казахстанская,barley,86.502
2023-01,Восточно-Казахстанская,barley,80.917
2023-02,Восточно-Казахстанская,barley,67.34
2023-03,Восточно-Казахстанская,barley,58.666
2023-04,Восточно-Казахстанская,barley,58.666
2023-05,Восточно-Казахстанская,barley,82.052
2023-06,Восточно-Казахстанская,barley,85.016
2023-10,Восточно-Казахстанская,barley,60.581
2023-11,Восточно-Казахстанская,barley,59.93
2023-12,Восточно-Казахстанская,barley,57.962
2024-01,Восточно-Казахстанская,barley,62.533
2024-02,Восточно-Казахстанская,barley,57.777
2024-03,Восточно-Казахстанская,barley,61.624
2024-04,Восточно-Казахстанская,barley,56.519
2024-05,Восточно-Казахстанская,barley,60.352
2024-06,Восточно-Казахстанская,barley,74.813
2024-07,Восточно-Казахстанская,barley,53.445
2024-09,Восточно-Казахстанская,barley,73.576
2024-10,Восточно-Казахстанская,barley,68.27
2025-03,Восточно-Казахстанская,barley,78.909
2025-09,Восточно-Казахстанская,barley,97.725
2025-10,Восточно-Казахстанская,barley,85.524
2025-11,Восточно-Казахстанская,barley,90.879
2026-01,Восточно-Казахстанская,barley,70.09
2026-04,Восточно-Казахстанская,barley,70.357
2026-06,Восточно-Казахстанская,barley,92.347
2026-08,Восточно-Казахстанская,barley,71.391
2022-10,Жамбылская,barley,87.026
2022-11,Жамбылская,barley,101.757
2022-12,Жамбылская,barley,106.958
2023-08,Жамбылская,barley,94.518
2023-09,Жамбылская,barley,93.989
2023-10,Жамбылская,barley,86.86
2022-10,Жетісу,barley,99.918
2022-11,Жетісу,barley,100.369
2022-12,Жетісу,barley,99.566
2025-01,Жетісу,barley,50.0
2022-10,Западно-Казахстанская,barley,81.396
2022-11,Западно-Казахстанская,barley,93.509
2023-01,Западно-Казахстанская,barley,86.439
2023-02,Западно-Казахстанская,barley,99.241
2023-03,Западно-Казахстанская,barley,99.241
2023-04,Западно-Казахстанская,barley,99.241
2023-06,Западно-Казахстанская,barley,99.496
2023-07,Западно-Казахстанская,barley,83.64
2023-11,Западно-Казахстанская,barley,60.517
2024-01,Западно-Казахстанская,barley,52.283
2024-10,Западно-Казахстанская,barley,53.042
2024-11,Западно-Казахстанская,barley,53.018
2026-01,Западно-Казахстанская,barley,62.015
2026-05,Западно-Казахстанская,barley,53.0
2026-07,ЗападноКазахстанская,barley,53.0
2022-10,Карагандинская,barley,61.073
2022-11,Карагандинская,barley,63.76
2023-01,Карагандинская,barley,73.068
2023-02,Карагандинская,barley,47.095
2023-03,Карагандинская,barley,85.129
2023-04,Карагандинская,barley,66.59
2023-05,Карагандинская,barley,67.607
2023-06,Карагандинская,barley,63.547
2023-07,Карагандинская,barley,60.463
2023-10,Карагандинская,barley,56.524
2023-11,Карагандинская,barley,55.909
2024-02,Карагандинская,barley,55.35
2024-05,Карагандинская,barley,55.35
2024-06,Карагандинская,barley,45.75
2024-07,Карагандинская,barley,45.75
2024-09,Карагандинская,barley,55.35
2024-10,Карагандинская,barley,42.857
2024-11,Карагандинская,barley,55.35
2024-12,Карагандинская,barley,55.35
2025-01,Карагандинская,barley,55.35
2025-03,Карагандинская,barley,55.35
2025-12,Карагандинская,barley,55.35
2026-01,Карагандинская,barley,53.16
2026-04,Карагандинская,barley,69.828
2026-06,Карагандинская,barley,65.0
2026-08,Карагандинская,barley,70.689
2022-10,Костанайская,barley,84.995
2022-11,Костанайская,barley,81.826
2022-12,Костанайская,barley,83.095
2023-02,Костанайская,barley,75.893
2023-10,Костанайская,barley,49.107
2023-11,Костанайская,barley,49.107
2024-10,Костанайская,barley,45.22
2024-11,Костанайская,barley,40.179
2024-12,Костанайская,barley,47.321
2025-01,Костанайская,barley,50.654
2025-02,Костанайская,barley,55.293
2025-06,Костанайская,barley,80.357
2025-09,Костанайская,barley,73.627
2025-10,Костанайская,barley,67.161
2023-12,Павлодарская,barley,65.573
2024-01,Павлодарская,barley,62.185
2025-11,Павлодарская,barley,62.717
2025-12,Павлодарская,barley,75.89
2019-10,Республика Казахстан,barley,45.571
2019-12,Республика Казахстан,barley,48.156
2020-03,Республика Казахстан,barley,51.143
2020-04,Республика Казахстан,barley,51.863
2020-05,Республика Казахстан,barley,55.748
2020-06,Республика Казахстан,barley,58.721
2020-07,Республика Казахстан,barley,50.234
2020-08,Республика Казахстан,barley,55.543
2020-09,Республика Казахстан,barley,52.424
2020-10,Республика Казахстан,barley,58.29
2020-11,Республика Казахстан,barley,55.474
2020-12,Республика Казахстан,barley,62.172
2021-02,Республика Казахстан,barley,64.333
2021-03,Республика Казахстан,barley,69.354
2021-04,Республика Казахстан,barley,73.408
2021-05,Республика Казахстан,barley,73.809
2021-06,Республика Казахстан,barley,77.933
2021-07,Республика Казахстан,barley,58.361
2021-08,Республика Казахстан,barley,80.005
2021-09,Республика Казахстан,barley,84.471
2021-10,Республика Казахстан,barley,84.084
2021-11,Республика Казахстан,barley,82.997
2021-12,Республика Казахстан,barley,81.307
2022-10,Республика Казахстан,barley,87.143
2022-11,Республика Казахстан,barley,87.09
2022-12,Республика Казахстан,barley,87.031
2023-01,Республика Казахстан,barley,89.05
2023-02,Республика Казахстан,barley,80.241
2023-03,Республика Казахстан,barley,84.998
2023-04,Республика Казахстан,barley,76.526
2023-05,Республика Казахстан,barley,76.541
2023-06,Республика Казахстан,barley,84.851
2023-07,Республика Казахстан,barley,59.0
2023-08,Республика Казахстан,barley,75.133
2023-09,Республика Казахстан,barley,65.872
2023-10,Республика Казахстан,barley,64.911
2023-11,Республика Казахстан,barley,63.927
2023-12,Республика Казахстан,barley,63.548
2024-01,Республика Казахстан,barley,58.906
2024-02,Республика Казахстан,barley,60.371
2024-03,Республика Казахстан,barley,57.484
2024-04,Республика Казахстан,barley,61.184
2024-05,Республика Казахстан,barley,65.16
2024-06,Республика Казахстан,barley,71.731
2024-07,Республика Казахстан,barley,61.424
2024-08,Республика Казахстан,barley,64.86
2024-09,Республика Казахстан,barley,63.456
2024-10,Республика Казахстан,barley,61.142
2024-11,Республика Казахстан,barley,46.745
2024-12,Республика Казахстан,barley,51.777
2025-01,Республика Казахстан,barley,56.761
2025-02,Республика Казахстан,barley,52.576
2025-03,Республика Казахстан,barley,65.843
2025-04,Республика Казахстан,barley,65.496
2025-05,Республика Казахстан,barley,80.932
2025-06,Республика Казахстан,barley,56.535
2025-07,Республика Казахстан,barley,48.456
2025-08,Республика Казахстан,barley,71.884
2025-09,Республика Казахстан,barley,81.868
2025-10,Республика Казахстан,barley,70.736
2025-11,Республика Казахстан,barley,86.842
2025-12,Республика Казахстан,barley,68.041
2026-01,Республика Казахстан,barley,59.668
2026-02,Республика Казахстан,barley,74.803
2026-03,Республика Казахстан,barley,65.753
2026-04,Республика Казахстан,barley,68.741
2026-05,Республика Казахстан,barley,75.775
2026-06,Республика Казахстан,barley,72.732
2026-07,Республика Казахстан,barley,70.253
2026-08,Республика Казахстан,barley,81.276
2022-10,Северо-Казахстанская,barley,84.106
2022-11,Северо-Казахстанская,barley,83.15
2022-12,Северо-Казахстанская,barley,80.04
2023-01,Северо-Казахстанская,barley,84.218
2023-02,Северо-Казахстанская,barley,84.084
2023-04,Северо-Казахстанская,barley,74.685
2023-06,Северо-Казахстанская,barley,80.539
2023-07,Северо-Казахстанская,barley,63.257
2023-08,Северо-Казахстанская,barley,77.624
2023-09,Северо-Казахстанская,barley,60.157
2023-10,Северо-Казахстанская,barley,60.639
2023-11,Северо-Казахстанская,barley,66.462
2023-12,Северо-Казахстанская,barley,55.284
2024-01,Северо-Казахстанская,barley,57.654
2024-02,Северо-Казахстанская,barley,61.892
2024-03,Северо-Казахстанская,barley,57.045
2024-04,Северо-Казахстанская,barley,58.77
2024-06,Северо-Казахстанская,barley,66.22
2024-07,Северо-Казахстанская,barley,66.568
2024-08,Северо-Казахстанская,barley,81.825
2024-09,Северо-Казахстанская,barley,49.492
2024-10,Северо-Казахстанская,barley,54.59
2024-11,Северо-Казахстанская,barley,45.186
2024-12,Северо-Казахстанская,barley,46.592
2025-01,Северо-Казахстанская,barley,55.641
2025-02,Северо-Казахстанская,barley,56.226
2025-03,Северо-Казахстанская,barley,66.964
2025-04,Северо-Казахстанская,barley,61.684
2025-06,Северо-Казахстанская,barley,44.643
2025-07,Северо-Казахстанская,barley,47.321
2025-08,Северо-Казахстанская,barley,71.429
2025-09,Северо-Казахстанская,barley,68.902
2025-10,Северо-Казахстанская,barley,63.362
2025-11,Северо-Казахстанская,barley,66.13
2025-12,Северо-Казахстанская,barley,68.185
2026-01,Северо-Казахстанская,barley,60.637
2026-02,Северо-Казахстанская,barley,77.586
2026-03,Северо-Казахстанская,barley,66.297
2026-04,Северо-Казахстанская,barley,63.407
2026-05,Северо-Казахстанская,barley,69.009
2026-06,Северо-Казахстанская,barley,62.069
2026-07,СевероКазахстанская,barley,62.069
2022-10,Туркестанская,barley,96.439
2023-08,Туркестанская,barley,67.453
2023-09,Туркестанская,barley,67.136
2024-08,Туркестанская,barley,60.0
2024-09,Туркестанская,barley,55.0
2025-10,Туркестанская,barley,95.0
2026-08,Туркестанская,barley,97.347
2022-10,Абай,cattle,703.657
2022-11,Абай,cattle,728.388
2022-12,Абай,cattle,743.544
2023-01,Абай,cattle,658.311
2023-02,Абай,cattle,705.139
2023-03,Абай,cattle,766.994
2023-06,Абай,cattle,883.768
2023-07,Абай,cattle,842.444
2023-08,Абай,cattle,833.333
2023-09,Абай,cattle,892.057
2023-10,Абай,cattle,903.463
2023-11,Абай,cattle,936.26
2023-12,Абай,cattle,942.682
2024-01,Абай,cattle,933.681
2024-02,Абай,cattle,968.333
2024-03,Абай,cattle,952.007
2024-04,Абай,cattle,963.501
2024-05,Абай,cattle,984.721
2024-06,Абай,cattle,1000.146
2024-07,Абай,cattle,972.056
2024-08,Абай,cattle,927.201
2024-09,Абай,cattle,926.606
2024-10,Абай,cattle,990.992
2024-11,Абай,cattle,991.527
2024-12,Абай,cattle,990.654
2025-01,Абай,cattle,1025.325
2025-02,Абай,cattle,1041.533
2025-03,Абай,cattle,1091.132
2025-04,Абай,cattle,1142.745
2025-05,Абай,cattle,1196.752
2025-06,Абай,cattle,1256.342
2025-07,Абай,cattle,1258.036
2025-08,Абай,cattle,1307.793
2025-09,Абай,cattle,1389.017
2025-10,Абай,cattle,1447.743
2025-11,Абай,cattle,1581.836
2025-12,Абай,cattle,1609.955
2026-01,Абай,cattle,1468.022
2026-02,Абай,cattle,1544.785
2026-03,Абай,cattle,1621.015
2026-04,Абай,cattle,1720.845
2026-05,Абай,cattle,1739.964
2026-06,Абай,cattle,1742.683
2026-08,Абай,cattle,1897.774
2022-10,Акмолинская,cattle,1104.606
2022-11,Акмолинская,cattle,1087.765
2022-12,Акмолинская,cattle,1076.996
2023-01,Акмолинская,cattle,1177.211
2023-02,Акмолинская,cattle,1105.114
2023-03,Акмолинская,cattle,1105.114
2023-04,Акмолинская,cattle,1118.814
2023-05,Акмолинская,cattle,1116.185
2023-06,Акмолинская,cattle,1122.991
2023-07,Акмолинская,cattle,1117.499
2023-08,Акмолинская,cattle,1115.503
2023-09,Акмолинская,cattle,1174.245
2023-10,Акмолинская,cattle,1094.827
2023-11,Акмолинская,cattle,1097.569
2023-12,Акмолинская,cattle,1128.161
2024-01,Акмолинская,cattle,1093.401
2024-02,Акмолинская,cattle,1117.101
2024-03,Акмолинская,cattle,1038.922
2024-04,Акмолинская,cattle,1019.149
2024-05,Акмолинская,cattle,1098.131
2024-06,Акмолинская,cattle,1139.563
2024-07,Акмолинская,cattle,1107.704
2024-08,Акмолинская,cattle,1135.225
2024-09,Акмолинская,cattle,1058.172
2024-10,Акмолинская,cattle,1083.274
2024-11,Акмолинская,cattle,1027.205
2024-12,Акмолинская,cattle,1222.86
2025-01,Акмолинская,cattle,1342.729
2025-02,Акмолинская,cattle,1501.894
2025-03,Акмолинская,cattle,1520.765
2025-04,Акмолинская,cattle,1520.765
2025-05,Акмолинская,cattle,1536.173
2025-06,Акмолинская,cattle,1661.459
2025-07,Акмолинская,cattle,1998.683
2025-08,Акмолинская,cattle,2014.08
2025-09,Акмолинская,cattle,2165.905
2025-10,Акмолинская,cattle,1574.209
2025-11,Акмолинская,cattle,1884.295
2025-12,Акмолинская,cattle,1678.442
2026-01,Акмолинская,cattle,1785.559
2026-02,Акмолинская,cattle,1776.745
2026-03,Акмолинская,cattle,1721.646
2026-04,Акмолинская,cattle,1759.96
2026-05,Акмолинская,cattle,1741.335
2026-06,Акмолинская,cattle,1742.504
2026-08,Акмолинская,cattle,1794.055
2022-10,Актюбинская,cattle,908.595
2022-11,Актюбинская,cattle,902.36
2022-12,Актюбинская,cattle,912.119
2023-01,Актюбинская,cattle,915.644
2023-02,Актюбинская,cattle,943.973
2023-03,Актюбинская,cattle,942.889
2023-04,Актюбинская,cattle,782.412
2023-05,Актюбинская,cattle,935.192
2023-06,Актюбинская,cattle,950.254
2023-07,Актюбинская,cattle,953.85
2023-08,Актюбинская,cattle,969.208
2023-09,Актюбинская,cattle,937.698
2023-10,Актюбинская,cattle,906.877
2023-11,Актюбинская,cattle,970.227
2023-12,Актюбинская,cattle,976.841
2024-01,Актюбинская,cattle,936.977
2024-02,Актюбинская,cattle,943.083
2024-03,Актюбинская,cattle,945.885
2024-04,Актюбинская,cattle,934.399
2024-05,Актюбинская,cattle,942.331
2024-06,Актюбинская,cattle,818.278
2024-07,Актюбинская,cattle,973.844
2024-08,Актюбинская,cattle,921.001
2024-09,Актюбинская,cattle,923.823
2024-10,Актюбинская,cattle,915.369
2024-11,Актюбинская,cattle,932.286
2024-12,Актюбинская,cattle,966.837
2025-01,Актюбинская,cattle,922.188
2025-02,Актюбинская,cattle,922.669
2025-03,Актюбинская,cattle,937.457
2025-04,Актюбинская,cattle,1003.11
2025-05,Актюбинская,cattle,959.497
2025-06,Актюбинская,cattle,984.357
2025-07,Актюбинская,cattle,1019.259
2025-08,Актюбинская,cattle,1038.966
2025-09,Актюбинская,cattle,1256.98
2025-10,Актюбинская,cattle,1086.261
2025-11,Актюбинская,cattle,1263.533
2025-12,Актюбинская,cattle,1138.046
2026-01,Актюбинская,cattle,1077.719
2026-02,Актюбинская,cattle,1076.311
2026-03,Актюбинская,cattle,1010.353
2026-04,Актюбинская,cattle,1043.797
2026-05,Актюбинская,cattle,1065.163
2026-06,Актюбинская,cattle,1213.537
2026-08,Актюбинская,cattle,1213.315
2022-10,Алматинская,cattle,928.945
2022-11,Алматинская,cattle,996.274
2022-12,Алматинская,cattle,1011.321
2023-01,Алматинская,cattle,1076.604
2023-02,Алматинская,cattle,1029.347
2023-03,Алматинская,cattle,1047.995
2023-04,Алматинская,cattle,1048.455
2023-05,Алматинская,cattle,1051.072
2023-06,Алматинская,cattle,1020.214
2023-07,Алматинская,cattle,1024.102
2023-08,Алматинская,cattle,1074.003
2023-09,Алматинская,cattle,1031.876
2023-10,Алматинская,cattle,1120.534
2023-11,Алматинская,cattle,1123.15
2023-12,Алматинская,cattle,1125.766
2024-01,Алматинская,cattle,1149.417
2024-02,Алматинская,cattle,1061.523
2024-03,Алматинская,cattle,1061.523
2024-04,Алматинская,cattle,1146.524
2024-05,Алматинская,cattle,1061.523
2024-06,Алматинская,cattle,1061.523
2024-07,Алматинская,cattle,1021.954
2024-08,Алматинская,cattle,1080.336
2024-09,Алматинская,cattle,1080.495
2024-10,Алматинская,cattle,1080.495
2024-11,Алматинская,cattle,1191.464
2024-12,Алматинская,cattle,1008.649
2025-01,Алматинская,cattle,1241.894
2025-02,Алматинская,cattle,1330.516
2025-03,Алматинская,cattle,1316.461
2025-04,Алматинская,cattle,1409.262
2025-05,Алматинская,cattle,1483.155
2025-06,Алматинская,cattle,1552.892
2025-07,Алматинская,cattle,1545.899
2025-08,Алматинская,cattle,1552.892
2025-09,Алматинская,cattle,1560.691
2025-10,Алматинская,cattle,1522.361
2025-11,Алматинская,cattle,1527.843
2025-12,Алматинская,cattle,1534.431
2026-01,Алматинская,cattle,1490.322
2026-02,Алматинская,cattle,1615.911
2026-03,Алматинская,cattle,1621.744
2026-04,Алматинская,cattle,1626.675
2026-05,Алматинская,cattle,1632.823
2026-06,Алматинская,cattle,1639.733
2026-08,Алматинская,cattle,1655.487
2022-10,Атырауская,cattle,933.458
2022-11,Атырауская,cattle,964.494
2022-12,Атырауская,cattle,966.659
2023-01,Атырауская,cattle,821.285
2023-03,Атырауская,cattle,954.747
2023-04,Атырауская,cattle,956.908
2023-06,Атырауская,cattle,968.573
2023-07,Атырауская,cattle,1004.813
2023-08,Атырауская,cattle,910.427
2023-09,Атырауская,cattle,1021.154
2023-10,Атырауская,cattle,1059.217
2023-11,Атырауская,cattle,1064.094
2023-12,Атырауская,cattle,1068.97
2024-02,Атырауская,cattle,1117.667
2022-10,Восточно-Казахстанская,cattle,799.929
2022-11,Восточно-Казахстанская,cattle,841.834
2022-12,Восточно-Казахстанская,cattle,792.628
2023-01,Восточно-Казахстанская,cattle,825.967
2023-02,Восточно-Казахстанская,cattle,826.527
2023-03,Восточно-Казахстанская,cattle,901.971
2023-04,Восточно-Казахстанская,cattle,909.808
2023-05,Восточно-Казахстанская,cattle,885.879
2023-06,Восточно-Казахстанская,cattle,936.434
2023-07,Восточно-Казахстанская,cattle,967.258
2023-08,Восточно-Казахстанская,cattle,861.875
2023-09,Восточно-Казахстанская,cattle,855.48
2023-10,Восточно-Казахстанская,cattle,821.595
2023-11,Восточно-Казахстанская,cattle,817.234
2023-12,Восточно-Казахстанская,cattle,823.257
2024-01,Восточно-Казахстанская,cattle,838.17
2024-02,Восточно-Казахстанская,cattle,812.806
2024-03,Восточно-Казахстанская,cattle,821.586
2024-04,Восточно-Казахстанская,cattle,819.647
2024-05,Восточно-Казахстанская,cattle,819.647
2024-06,Восточно-Казахстанская,cattle,837.926
2024-07,Восточно-Казахстанская,cattle,832.81
2024-08,Восточно-Казахстанская,cattle,829.292
2024-09,Восточно-Казахстанская,cattle,863.148
2024-10,Восточно-Казахстанская,cattle,857.74
2024-11,Восточно-Казахстанская,cattle,846.425
2024-12,Восточно-Казахстанская,cattle,862.665
2025-01,Восточно-Казахстанская,cattle,936.514
2025-02,Восточно-Казахстанская,cattle,980.336
2025-03,Восточно-Казахстанская,cattle,1024.716
2025-04,Восточно-Казахстанская,cattle,1050.946
2025-05,Восточно-Казахстанская,cattle,1044.904
2025-06,Восточно-Казахстанская,cattle,1040.313
2025-07,Восточно-Казахстанская,cattle,1070.651
2025-08,Восточно-Казахстанская,cattle,1043.796
2025-09,Восточно-Казахстанская,cattle,1137.377
2025-10,Восточно-Казахстанская,cattle,983.358
2025-11,Восточно-Казахстанская,cattle,1064.914
2025-12,Восточно-Казахстанская,cattle,1122.844
2026-01,Восточно-Казахстанская,cattle,1233.413
2026-02,Восточно-Казахстанская,cattle,1322.032
2026-03,Восточно-Казахстанская,cattle,1322.032
2026-04,Восточно-Казахстанская,cattle,1249.266
2026-05,Восточно-Казахстанская,cattle,1297.534
2026-06,Восточно-Казахстанская,cattle,1215.985
2026-08,Восточно-Казахстанская,cattle,1208.688
2022-11,Жамбылская,cattle,884.47
2023-01,Жамбылская,cattle,804.932
2023-02,Жамбылская,cattle,804.067
2023-08,Жамбылская,cattle,892.845
2023-09,Жамбылская,cattle,975.425
2023-10,Жамбылская,cattle,800.387
2023-11,Жамбылская,cattle,874.133
2023-12,Жамбылская,cattle,794.078
2024-01,Жамбылская,cattle,1004.013
2025-01,Жамбылская,cattle,989.217
2025-02,Жамбылская,cattle,1013.617
2025-03,Жамбылская,cattle,1023.897
2025-04,Жамбылская,cattle,1023.897
2025-05,Жамбылская,cattle,1013.617
2025-06,Жамбылская,cattle,1013.617
2025-07,Жамбылская,cattle,1353.958
2025-08,Жамбылская,cattle,972.455
2025-09,Жамбылская,cattle,1034.345
2025-10,Жамбылская,cattle,1167.698
2025-11,Жамбылская,cattle,1354.059
2025-12,Жамбылская,cattle,1053.344
2026-01,Жамбылская,cattle,1042.983
2026-02,Жамбылская,cattle,1458.735
2026-03,Жамбылская,cattle,1633.404
2026-05,Жамбылская,cattle,1433.813
2026-06,Жамбылская,cattle,1634.398
2022-10,Жетісу,cattle,828.275
2022-11,Жетісу,cattle,840.05
2022-12,Жетісу,cattle,866.357
2023-01,Жетісу,cattle,894.337
2023-02,Жетісу,cattle,859.045
2023-04,Жетісу,cattle,875.975
2023-06,Жетісу,cattle,876.91
2023-08,Жетісу,cattle,867.166
2023-10,Жетісу,cattle,900.903
2023-11,Жетісу,cattle,926.428
2024-02,Жетісу,cattle,857.836
2024-03,Жетісу,cattle,857.836
2024-05,Жетісу,cattle,867.779
2024-06,Жетісу,cattle,857.836
2024-07,Жетісу,cattle,853.635
2024-11,Жетісу,cattle,877.77
2024-12,Жетісу,cattle,865.527
2025-11,Жетісу,cattle,896.307
2026-01,Жетісу,cattle,929.011
2022-10,Западно-Казахстанская,cattle,907.759
2022-11,Западно-Казахстанская,cattle,935.134
2022-12,Западно-Казахстанская,cattle,950.567
2023-01,Западно-Казахстанская,cattle,949.224
2023-02,Западно-Казахстанская,cattle,953.289
2023-03,Западно-Казахстанская,cattle,963.954
2023-04,Западно-Казахстанская,cattle,971.125
2023-05,Западно-Казахстанская,cattle,967.153
2023-06,Западно-Казахстанская,cattle,973.101
2023-07,Западно-Казахстанская,cattle,992.389
2023-08,Западно-Казахстанская,cattle,997.691
2023-09,Западно-Казахстанская,cattle,991.17
2023-10,Западно-Казахстанская,cattle,1010.576
2023-11,Западно-Казахстанская,cattle,993.806
2023-12,Западно-Казахстанская,cattle,995.298
2024-01,Западно-Казахстанская,cattle,974.329
2024-02,Западно-Казахстанская,cattle,952.385
2024-03,Западно-Казахстанская,cattle,955.86
2024-04,Западно-Казахстанская,cattle,953.127
2024-05,Западно-Казахстанская,cattle,950.776
2024-06,Западно-Казахстанская,cattle,987.737
2024-07,Западно-Казахстанская,cattle,973.21
2024-08,Западно-Казахстанская,cattle,1044.013
2024-09,Западно-Казахстанская,cattle,965.659
2024-10,Западно-Казахстанская,cattle,968.986
2024-11,Западно-Казахстанская,cattle,974.008
2024-12,Западно-Казахстанская,cattle,978.589
2025-01,Западно-Казахстанская,cattle,960.385
2025-02,Западно-Казахстанская,cattle,992.898
2025-03,Западно-Казахстанская,cattle,1025.372
2025-04,Западно-Казахстанская,cattle,1005.426
2025-05,Западно-Казахстанская,cattle,1014.796
2025-06,Западно-Казахстанская,cattle,1021.165
2025-07,Западно-Казахстанская,cattle,1023.358
2025-08,Западно-Казахстанская,cattle,1029.088
2025-09,Западно-Казахстанская,cattle,989.752
2025-10,Западно-Казахстанская,cattle,1021.79
2025-11,Западно-Казахстанская,cattle,1033.074
2025-12,Западно-Казахстанская,cattle,1036.761
2026-01,Западно-Казахстанская,cattle,1121.862
2026-02,Западно-Казахстанская,cattle,1337.38
2026-03,Западно-Казахстанская,cattle,1334.718
2026-04,Западно-Казахстанская,cattle,1404.946
2026-05,Западно-Казахстанская,cattle,1412.798
2026-06,Западно-Казахстанская,cattle,1366.333
2026-08,Западно-Казахстанская,cattle,1257.587
2022-10,Карагандинская,cattle,857.206
2022-11,Карагандинская,cattle,803.562
2022-12,Карагандинская,cattle,734.6
2023-01,Карагандинская,cattle,879.438
2023-02,Карагандинская,cattle,927.96
2023-03,Карагандинская,cattle,943.812
2023-04,Карагандинская,cattle,990.932
2023-05,Карагандинская,cattle,1026.989
2023-06,Карагандинская,cattle,1033.981
2023-07,Карагандинская,cattle,911.928
2023-08,Карагандинская,cattle,867.825
2023-09,Карагандинская,cattle,853.914
2023-10,Карагандинская,cattle,949.607
2023-11,Карагандинская,cattle,952.725
2024-01,Карагандинская,cattle,815.432
2024-02,Карагандинская,cattle,844.838
2024-03,Карагандинская,cattle,805.52
2024-04,Карагандинская,cattle,813.792
2024-05,Карагандинская,cattle,829.215
2024-06,Карагандинская,cattle,852.841
2024-07,Карагандинская,cattle,951.929
2025-01,Карагандинская,cattle,1104.623
2025-02,Карагандинская,cattle,904.404
2025-06,Карагандинская,cattle,1282.869
2025-07,Карагандинская,cattle,1141.664
2022-10,Костанайская,cattle,1031.114
2022-11,Костанайская,cattle,878.097
2022-12,Костанайская,cattle,1106.352
2023-01,Костанайская,cattle,1123.428
2023-02,Костанайская,cattle,1092.287
2023-03,Костанайская,cattle,1155.177
2023-04,Костанайская,cattle,1075.926
2023-05,Костанайская,cattle,1080.164
2023-06,Костанайская,cattle,1182.696
2023-07,Костанайская,cattle,1076.824
2023-08,Костанайская,cattle,1038.619
2023-09,Костанайская,cattle,1093.761
2023-10,Костанайская,cattle,1079.383
2023-11,Костанайская,cattle,1024.342
2023-12,Костанайская,cattle,1096.246
2024-01,Костанайская,cattle,1033.632
2024-02,Костанайская,cattle,1039.194
2024-03,Костанайская,cattle,1048.304
2024-04,Костанайская,cattle,1088.961
2024-05,Костанайская,cattle,1133.906
2024-06,Костанайская,cattle,1064.299
2024-07,Костанайская,cattle,1064.927
2024-08,Костанайская,cattle,938.99
2024-09,Костанайская,cattle,916.589
2024-10,Костанайская,cattle,1001.724
2024-11,Костанайская,cattle,1013.619
2024-12,Костанайская,cattle,1133.905
2025-01,Костанайская,cattle,769.974
2025-02,Костанайская,cattle,1046.104
2025-03,Костанайская,cattle,1152.683
2025-04,Костанайская,cattle,1207.662
2025-05,Костанайская,cattle,1365.533
2025-06,Костанайская,cattle,1431.769
2025-07,Костанайская,cattle,1420.905
2025-08,Костанайская,cattle,1308.556
2025-09,Костанайская,cattle,1610.379
2025-10,Костанайская,cattle,1650.033
2025-11,Костанайская,cattle,1650.653
2025-12,Костанайская,cattle,1616.422
2026-01,Костанайская,cattle,1551.766
2026-02,Костанайская,cattle,1639.347
2026-03,Костанайская,cattle,1556.613
2026-04,Костанайская,cattle,1579.867
2026-05,Костанайская,cattle,1632.501
2026-06,Костанайская,cattle,1544.257
2026-08,Костанайская,cattle,1487.138
2022-10,Кызылординская,cattle,881.138
2022-11,Кызылординская,cattle,875.47
2022-12,Кызылординская,cattle,880.871
2023-01,Кызылординская,cattle,890.587
2023-02,Кызылординская,cattle,893.636
2023-03,Кызылординская,cattle,898.374
2023-04,Кызылординская,cattle,899.592
2023-05,Кызылординская,cattle,906.377
2023-06,Кызылординская,cattle,906.797
2023-07,Кызылординская,cattle,915.024
2023-08,Кызылординская,cattle,925.029
2023-09,Кызылординская,cattle,926.405
2023-10,Кызылординская,cattle,934.639
2023-11,Кызылординская,cattle,933.34
2023-12,Кызылординская,cattle,950.69
2024-01,Кызылординская,cattle,972.563
2024-02,Кызылординская,cattle,953.314
2024-03,Кызылординская,cattle,945.998
2024-04,Кызылординская,cattle,946.465
2024-05,Кызылординская,cattle,954.525
2024-06,Кызылординская,cattle,948.743
2024-07,Кызылординская,cattle,958.4
2024-08,Кызылординская,cattle,960.688
2024-09,Кызылординская,cattle,991.643
2024-10,Кызылординская,cattle,989.188
2024-11,Кызылординская,cattle,983.414
2024-12,Кызылординская,cattle,982.721
2025-01,Кызылординская,cattle,1010.756
2025-02,Кызылординская,cattle,1032.523
2025-03,Кызылординская,cattle,1037.008
2025-04,Кызылординская,cattle,1036.589
2025-05,Кызылординская,cattle,1031.012
2025-06,Кызылординская,cattle,1055.566
2025-07,Кызылординская,cattle,1059.872
2025-08,Кызылординская,cattle,1081.66
2025-09,Кызылординская,cattle,1030.78
2025-10,Кызылординская,cattle,1054.106
2025-11,Кызылординская,cattle,1034.103
2025-12,Кызылординская,cattle,1069.998
2026-01,Кызылординская,cattle,1134.606
2026-02,Кызылординская,cattle,1064.113
2026-03,Кызылординская,cattle,1107.708
2026-04,Кызылординская,cattle,1128.858
2026-05,Кызылординская,cattle,1121.123
2026-06,Кызылординская,cattle,1129.083
2026-08,Кызылординская,cattle,1129.534
2023-09,Мангистауская,cattle,989.898
2022-10,Павлодарская,cattle,978.14
2022-11,Павлодарская,cattle,1011.897
2022-12,Павлодарская,cattle,901.958
2023-01,Павлодарская,cattle,952.92
2023-02,Павлодарская,cattle,906.853
2023-03,Павлодарская,cattle,924.233
2023-04,Павлодарская,cattle,900.243
2023-05,Павлодарская,cattle,927.014
2023-06,Павлодарская,cattle,899.361
2023-07,Павлодарская,cattle,927.617
2023-08,Павлодарская,cattle,933.358
2023-09,Павлодарская,cattle,927.506
2023-10,Павлодарская,cattle,926.991
2023-11,Павлодарская,cattle,946.518
2023-12,Павлодарская,cattle,911.93
2024-01,Павлодарская,cattle,1040.867
2024-02,Павлодарская,cattle,930.348
2024-03,Павлодарская,cattle,916.062
2024-04,Павлодарская,cattle,890.365
2024-05,Павлодарская,cattle,889.211
2024-06,Павлодарская,cattle,890.151
2024-07,Павлодарская,cattle,923.54
2024-08,Павлодарская,cattle,1077.327
2024-09,Павлодарская,cattle,919.88
2024-10,Павлодарская,cattle,970.706
2024-11,Павлодарская,cattle,946.271
2024-12,Павлодарская,cattle,982.981
2025-01,Павлодарская,cattle,935.717
2025-02,Павлодарская,cattle,905.281
2025-03,Павлодарская,cattle,954.459
2025-04,Павлодарская,cattle,909.86
2025-05,Павлодарская,cattle,962.418
2025-06,Павлодарская,cattle,1097.738
2025-07,Павлодарская,cattle,1093.133
2025-08,Павлодарская,cattle,1063.891
2025-09,Павлодарская,cattle,1106.318
2025-10,Павлодарская,cattle,1103.759
2025-11,Павлодарская,cattle,1142.079
2025-12,Павлодарская,cattle,1097.213
2026-01,Павлодарская,cattle,1192.469
2026-02,Павлодарская,cattle,1170.652
2026-03,Павлодарская,cattle,1189.087
2026-04,Павлодарская,cattle,1207.707
2026-05,Павлодарская,cattle,1185.14
2026-06,Павлодарская,cattle,1261.824
2026-08,Павлодарская,cattle,1293.516
2019-10,Республика Казахстан,cattle,681.525
2019-12,Республика Казахстан,cattle,692.617
2020-03,Республика Казахстан,cattle,691.683
2020-04,Республика Казахстан,cattle,679.928
2020-05,Республика Казахстан,cattle,715.149
2020-06,Республика Казахстан,cattle,739.779
2020-07,Республика Казахстан,cattle,722.846
2020-08,Республика Казахстан,cattle,737.124
2020-09,Республика Казахстан,cattle,723.022
2020-10,Республика Казахстан,cattle,743.137
2020-11,Республика Казахстан,cattle,737.012
2020-12,Республика Казахстан,cattle,749.928
2021-01,Республика Казахстан,cattle,753.755
2021-02,Республика Казахстан,cattle,764.293
2021-03,Республика Казахстан,cattle,787.436
2021-04,Республика Казахстан,cattle,781.16
2021-05,Республика Казахстан,cattle,785.383
2021-06,Республика Казахстан,cattle,787.382
2021-07,Республика Казахстан,cattle,785.21
2021-08,Республика Казахстан,cattle,823.017
2021-09,Республика Казахстан,cattle,829.328
2021-10,Республика Казахстан,cattle,819.825
2021-11,Республика Казахстан,cattle,813.46
2021-12,Республика Казахстан,cattle,818.814
2022-10,Республика Казахстан,cattle,896.549
2022-11,Республика Казахстан,cattle,903.919
2022-12,Республика Казахстан,cattle,912.898
2023-01,Республика Казахстан,cattle,950.039
2023-02,Республика Казахстан,cattle,930.33
2023-03,Республика Казахстан,cattle,944.732
2023-04,Республика Казахстан,cattle,929.404
2023-05,Республика Казахстан,cattle,952.447
2023-06,Республика Казахстан,cattle,959.682
2023-07,Республика Казахстан,cattle,940.352
2023-08,Республика Казахстан,cattle,971.447
2023-09,Республика Казахстан,cattle,978.676
2023-10,Республика Казахстан,cattle,981.147
2023-11,Республика Казахстан,cattle,980.791
2023-12,Республика Казахстан,cattle,973.21
2024-01,Республика Казахстан,cattle,976.807
2024-02,Республика Казахстан,cattle,961.875
2024-03,Республика Казахстан,cattle,962.753
2024-04,Республика Казахстан,cattle,980.073
2024-05,Республика Казахстан,cattle,981.138
2024-06,Республика Казахстан,cattle,967.61
2024-07,Республика Казахстан,cattle,986.125
2024-08,Республика Казахстан,cattle,990.555
2024-09,Республика Казахстан,cattle,971.382
2024-10,Республика Казахстан,cattle,980.181
2024-11,Республика Казахстан,cattle,986.246
2024-12,Республика Казахстан,cattle,999.921
2025-01,Республика Казахстан,cattle,1020.239
2025-02,Республика Казахстан,cattle,1061.175
2025-03,Республика Казахстан,cattle,1083.241
2025-04,Республика Казахстан,cattle,1097.428
2025-05,Республика Казахстан,cattle,1137.611
2025-06,Республика Казахстан,cattle,1198.115
2025-07,Республика Казахстан,cattle,1235.461
2025-08,Республика Казахстан,cattle,1203.186
2025-09,Республика Казахстан,cattle,1300.396
2025-10,Республика Казахстан,cattle,1297.783
2025-11,Республика Казахстан,cattle,1364.145
2025-12,Республика Казахстан,cattle,1296.982
2026-01,Республика Казахстан,cattle,1349.192
2026-02,Республика Казахстан,cattle,1396.873
2026-03,Республика Казахстан,cattle,1395.217
2026-04,Республика Казахстан,cattle,1443.45
2026-05,Республика Казахстан,cattle,1437.35
2026-06,Республика Казахстан,cattle,1423.489
2026-08,Республика Казахстан,cattle,1445.429
2022-10,Северо-Казахстанская,cattle,912.489
2022-11,Северо-Казахстанская,cattle,839.192
2022-12,Северо-Казахстанская,cattle,844.196
2023-01,Северо-Казахстанская,cattle,898.96
2023-02,Северо-Казахстанская,cattle,898.924
2023-03,Северо-Казахстанская,cattle,990.644
2023-04,Северо-Казахстанская,cattle,959.08
2023-05,Северо-Казахстанская,cattle,924.089
2023-06,Северо-Казахстанская,cattle,865.049
2023-07,Северо-Казахстанская,cattle,982.0
2023-08,Северо-Казахстанская,cattle,968.713
2023-09,Северо-Казахстанская,cattle,983.902
2023-10,Северо-Казахстанская,cattle,953.128
2023-11,Северо-Казахстанская,cattle,961.053
2023-12,Северо-Казахстанская,cattle,957.886
2024-01,Северо-Казахстанская,cattle,1100.839
2024-02,Северо-Казахстанская,cattle,835.24
2024-03,Северо-Казахстанская,cattle,765.634
2024-04,Северо-Казахстанская,cattle,926.185
2024-05,Северо-Казахстанская,cattle,1021.915
2024-06,Северо-Казахстанская,cattle,795.916
2024-07,Северо-Казахстанская,cattle,915.667
2024-08,Северо-Казахстанская,cattle,960.108
2024-11,Северо-Казахстанская,cattle,791.998
2025-02,Северо-Казахстанская,cattle,893.46
2025-08,Северо-Казахстанская,cattle,1005.207
2025-09,Северо-Казахстанская,cattle,1162.669
2026-01,Северо-Казахстанская,cattle,1136.032
2026-02,Северо-Казахстанская,cattle,1047.899
2026-06,Северо-Казахстанская,cattle,1172.762
2022-10,Туркестанская,cattle,805.158
2022-11,Туркестанская,cattle,835.346
2022-12,Туркестанская,cattle,786.886
2023-01,Туркестанская,cattle,862.752
2023-02,Туркестанская,cattle,876.874
2023-03,Туркестанская,cattle,789.017
2023-04,Туркестанская,cattle,823.02
2023-05,Туркестанская,cattle,839.039
2023-06,Туркестанская,cattle,832.207
2023-07,Туркестанская,cattle,825.96
2023-08,Туркестанская,cattle,998.506
2023-09,Туркестанская,cattle,870.204
2023-10,Туркестанская,cattle,861.188
2023-11,Туркестанская,cattle,867.406
2023-12,Туркестанская,cattle,855.631
2024-01,Туркестанская,cattle,722.483
2024-02,Туркестанская,cattle,901.18
2024-03,Туркестанская,cattle,952.789
2024-04,Туркестанская,cattle,1033.623
2024-05,Туркестанская,cattle,990.59
2024-06,Туркестанская,cattle,1029.153
2024-07,Туркестанская,cattle,1033.623
2024-08,Туркестанская,cattle,1029.153
2024-09,Туркестанская,cattle,1004.473
2024-10,Туркестанская,cattle,1033.623
2024-11,Туркестанская,cattle,1025.506
2024-12,Туркестанская,cattle,1034.917
2025-01,Туркестанская,cattle,1108.587
2025-02,Туркестанская,cattle,1061.43
2025-03,Туркестанская,cattle,1062.826
2025-04,Туркестанская,cattle,1021.046
2025-05,Туркестанская,cattle,1062.826
2025-06,Туркестанская,cattle,1056.858
2025-07,Туркестанская,cattle,1100.826
2025-08,Туркестанская,cattle,1065.014
2025-09,Туркестанская,cattle,1177.437
2025-10,Туркестанская,cattle,1484.047
2025-11,Туркестанская,cattle,1513.889
2025-12,Туркестанская,cattle,1320.42
2026-01,Туркестанская,cattle,1420.551
2026-02,Туркестанская,cattle,1419.965
2026-03,Туркестанская,cattle,1419.965
2026-04,Туркестанская,cattle,1551.316
2026-05,Туркестанская,cattle,1551.316
2026-06,Туркестанская,cattle,1419.965
2026-08,Туркестанская,cattle,1551.316
2022-10,Ұлытау,cattle,1099.525
2022-11,Ұлытау,cattle,1156.112
2022-12,Ұлытау,cattle,1138.976
2023-01,Ұлытау,cattle,1253.661
2023-02,Ұлытау,cattle,951.865
2023-03,Ұлытау,cattle,946.492
2023-06,Ұлытау,cattle,819.349
2023-09,Ұлытау,cattle,1538.357
2023-10,Ұлытау,cattle,1604.996
2023-11,Ұлытау,cattle,1421.01
2023-12,Ұлытау,cattle,1506.715
2024-01,Ұлытау,cattle,1147.091
2024-02,Ұлытау,cattle,1184.491
2024-03,Ұлытау,cattle,1417.551
2024-04,Ұлытау,cattle,1192.335
2024-05,Ұлытау,cattle,1129.895
2024-06,Ұлытау,cattle,1205.546
2024-07,Ұлытау,cattle,1232.817
2024-08,Ұлытау,cattle,1419.251
2024-09,Ұлытау,cattle,1488.898
2024-10,Ұлытау,cattle,1366.417
2024-11,Ұлытау,cattle,1417.376
2024-12,Ұлытау,cattle,1418.381
2025-01,Ұлытау,cattle,1309.478
2025-02,Ұлытау,cattle,1455.066
2025-03,Ұлытау,cattle,1215.656
2025-05,Ұлытау,cattle,1186.398
2025-06,Ұлытау,cattle,1293.29
2025-07,Ұлытау,cattle,1167.064
2025-08,Ұлытау,cattle,1720.175
2025-09,Ұлытау,cattle,1326.738
2025-10,Ұлытау,cattle,1233.424
2025-11,Ұлытау,cattle,1120.845
2025-12,Ұлытау,cattle,1256.732
2026-01,Ұлытау,cattle,1462.181
2026-02,Ұлытау,cattle,1432.945
2026-03,Ұлытау,cattle,1218.453
2026-04,Ұлытау,cattle,1174.066
2026-05,Ұлытау,cattle,1214.635
2026-06,Ұлытау,cattle,1142.741
2026-08,Ұлытау,cattle,1160.481
2026-07,Абай,cattle_beef,1856.127
2026-08,Абай,cattle_beef,1897.774
2026-07,Акмолинская,cattle_beef,1841.0
2026-08,Акмолинская,cattle_beef,1841.0
2026-07,Актюбинская,cattle_beef,1463.259
2026-08,Актюбинская,cattle_beef,1484.341
2026-07,Алматинская,cattle_beef,1474.049
2026-08,Алматинская,cattle_beef,1491.358
2026-08,Западно-Казахстанская,cattle_beef,1274.721
2026-07,ЗападноКазахстанская,cattle_beef,1284.31
2026-07,Павлодарская,cattle_beef,1638.918
2026-08,Павлодарская,cattle_beef,1718.003
2026-07,Республика Казахстан,cattle_beef,1608.661
2026-08,Республика Казахстан,cattle_beef,1619.353
2026-08,Ұлытау,cattle_beef,962.997
2026-07,Акмолинская,cattle_dairy,1266.797
2026-07,Актюбинская,cattle_dairy,1174.878
2026-08,Актюбинская,cattle_dairy,939.793
2026-08,Восточно-Казахстанская,cattle_dairy,1208.688
2026-07,ВосточноКазахстанская,cattle_dairy,1256.297
2026-07,Костанайская,cattle_dairy,1359.933
2026-07,Кызылординская,cattle_dairy,1185.161
2026-08,Кызылординская,cattle_dairy,1187.621
2026-07,Павлодарская,cattle_dairy,1139.998
2026-08,Павлодарская,cattle_dairy,1120.526
2026-07,Республика Казахстан,cattle_dairy,1256.275
2026-08,Республика Казахстан,cattle_dairy,1250.159
2026-07,СевероКазахстанская,cattle_dairy,1203.287
2026-07,Ұлытау,cattle_dairy,1283.532
2026-08,Ұлытау,cattle_dairy,1291.236
2023-02,Абай,hay,40.146
2023-03,Абай,hay,40.62
2023-04,Абай,hay,40.379
2023-08,Абай,hay,40.743
2023-09,Абай,hay,40.554
2023-10,Абай,hay,40.243
2023-11,Абай,hay,40.299
2023-12,Абай,hay,40.974
2024-02,Абай,hay,40.236
2024-03,Абай,hay,40.395
2024-04,Абай,hay,40.742
2024-07,Абай,hay,40.0
2024-08,Абай,hay,40.345
2024-09,Абай,hay,39.842
2024-10,Абай,hay,40.345
2024-11,Абай,hay,40.824
2024-12,Абай,hay,40.99
2025-01,Абай,hay,40.915
2025-02,Абай,hay,41.664
2025-03,Абай,hay,41.664
2025-08,Абай,hay,40.892
2025-09,Абай,hay,41.622
2025-10,Абай,hay,41.622
2025-11,Абай,hay,41.664
2025-12,Абай,hay,41.664
2026-01,Абай,hay,35.871
2026-02,Абай,hay,41.664
2026-03,Абай,hay,41.664
2026-08,Абай,hay,40.586
2023-08,Актюбинская,hay,20.344
2023-09,Актюбинская,hay,22.024
2024-08,Актюбинская,hay,23.314
2025-07,Актюбинская,hay,30.0
2025-08,Актюбинская,hay,28.524
2025-09,Актюбинская,hay,28.524
2025-10,Актюбинская,hay,28.524
2026-08,Актюбинская,hay,28.651
2022-10,Алматинская,hay,17.307
2022-12,Алматинская,hay,19.846
2023-01,Алматинская,hay,42.633
2023-02,Алматинская,hay,42.633
2023-04,Алматинская,hay,42.633
2023-07,Алматинская,hay,31.633
2023-08,Алматинская,hay,24.787
2025-08,Алматинская,hay,33.485
2025-10,Атырауская,hay,29.269
2022-12,Восточно-Казахстанская,hay,16.018
2023-01,Восточно-Казахстанская,hay,16.134
2023-02,Восточно-Казахстанская,hay,17.284
2023-03,Восточно-Казахстанская,hay,17.284
2023-04,Восточно-Казахстанская,hay,13.393
2023-05,Восточно-Казахстанская,hay,13.393
2023-06,Восточно-Казахстанская,hay,13.393
2023-07,Восточно-Казахстанская,hay,13.393
2023-08,Восточно-Казахстанская,hay,18.297
2023-09,Восточно-Казахстанская,hay,19.465
2023-10,Восточно-Казахстанская,hay,26.056
2023-11,Восточно-Казахстанская,hay,27.543
2023-12,Восточно-Казахстанская,hay,29.418
2024-01,Восточно-Казахстанская,hay,25.832
2024-02,Восточно-Казахстанская,hay,24.932
2024-03,Восточно-Казахстанская,hay,26.413
2024-04,Восточно-Казахстанская,hay,24.932
2024-05,Восточно-Казахстанская,hay,24.932
2024-10,Восточно-Казахстанская,hay,26.166
2024-11,Восточно-Казахстанская,hay,25.9
2024-12,Восточно-Казахстанская,hay,25.9
2022-11,Жамбылская,hay,41.04
2023-07,Жамбылская,hay,27.683
2023-08,Жамбылская,hay,30.903
2024-02,Жамбылская,hay,47.522
2024-07,Жамбылская,hay,28.673
2024-08,Жамбылская,hay,37.995
2024-09,Жамбылская,hay,43.925
2024-10,Жамбылская,hay,40.031
2025-07,Жамбылская,hay,42.322
2025-08,Жамбылская,hay,38.933
2025-09,Жамбылская,hay,45.76
2026-08,Жамбылская,hay,44.324
2022-10,Жетісу,hay,43.278
2022-12,Жетісу,hay,45.73
2023-01,Жетісу,hay,53.133
2023-09,Жетісу,hay,19.574
2023-10,Жетісу,hay,43.694
2023-11,Жетісу,hay,37.332
2023-12,Жетісу,hay,53.133
2024-03,Жетісу,hay,46.171
2024-11,Жетісу,hay,49.026
2024-12,Жетісу,hay,45.534
2025-01,Жетісу,hay,53.097
2026-07,Жетісу,hay,55.455
2022-10,Западно-Казахстанская,hay,21.207
2022-11,Западно-Казахстанская,hay,19.587
2022-12,Западно-Казахстанская,hay,20.0
2023-01,Западно-Казахстанская,hay,21.34
2023-02,Западно-Казахстанская,hay,20.612
2023-07,Западно-Казахстанская,hay,26.284
2023-08,Западно-Казахстанская,hay,22.542
2023-09,Западно-Казахстанская,hay,20.813
2023-10,Западно-Казахстанская,hay,20.777
2023-11,Западно-Казахстанская,hay,22.513
2023-12,Западно-Казахстанская,hay,24.987
2024-01,Западно-Казахстанская,hay,20.714
2024-02,Западно-Казахстанская,hay,24.962
2024-07,Западно-Казахстанская,hay,26.036
2024-08,Западно-Казахстанская,hay,24.667
2024-09,Западно-Казахстанская,hay,24.919
2024-10,Западно-Казахстанская,hay,25.291
2024-11,Западно-Казахстанская,hay,21.468
2024-12,Западно-Казахстанская,hay,26.919
2025-01,Западно-Казахстанская,hay,27.47
2025-08,Западно-Казахстанская,hay,22.263
2025-09,Западно-Казахстанская,hay,22.923
2025-10,Западно-Казахстанская,hay,23.629
2025-12,Западно-Казахстанская,hay,30.155
2026-01,Западно-Казахстанская,hay,29.522
2026-06,Западно-Казахстанская,hay,35.473
2022-10,Карагандинская,hay,21.246
2022-11,Карагандинская,hay,21.13
2022-12,Карагандинская,hay,21.13
2023-01,Карагандинская,hay,25.124
2024-12,Карагандинская,hay,11.634
2022-10,Кызылординская,hay,27.589
2022-12,Кызылординская,hay,30.971
2023-06,Кызылординская,hay,31.368
2023-07,Кызылординская,hay,33.398
2023-08,Кызылординская,hay,29.94
2023-09,Кызылординская,hay,32.15
2023-10,Кызылординская,hay,30.381
2023-11,Кызылординская,hay,30.315
2023-12,Кызылординская,hay,41.344
2024-06,Кызылординская,hay,27.778
2024-07,Кызылординская,hay,29.96
2024-08,Кызылординская,hay,29.597
2024-09,Кызылординская,hay,28.179
2024-10,Кызылординская,hay,27.303
2025-01,Кызылординская,hay,21.661
2025-02,Кызылординская,hay,35.151
2025-06,Кызылординская,hay,30.923
2025-07,Кызылординская,hay,31.413
2025-08,Кызылординская,hay,27.115
2025-09,Кызылординская,hay,31.707
2025-10,Кызылординская,hay,37.334
2026-01,Кызылординская,hay,32.782
2026-06,Кызылординская,hay,27.089
2026-07,Кызылординская,hay,28.134
2026-08,Кызылординская,hay,28.86
2021-02,Республика Казахстан,hay,25.222
2021-03,Республика Казахстан,hay,26.736
2021-04,Республика Казахстан,hay,22.733
2021-05,Республика Казахстан,hay,28.715
2021-06,Республика Казахстан,hay,32.057
2021-07,Республика Казахстан,hay,37.059
2021-08,Республика Казахстан,hay,31.513
2021-09,Республика Казахстан,hay,23.231
2021-10,Республика Казахстан,hay,27.378
2021-11,Республика Казахстан,hay,26.951
2021-12,Республика Казахстан,hay,26.459
2022-10,Республика Казахстан,hay,31.521
2022-11,Республика Казахстан,hay,31.607
2022-12,Республика Казахстан,hay,25.232
2023-01,Республика Казахстан,hay,39.359
2023-02,Республика Казахстан,hay,35.743
2023-03,Республика Казахстан,hay,21.736
2023-04,Республика Казахстан,hay,36.139
2023-05,Республика Казахстан,hay,31.336
2023-06,Республика Казахстан,hay,30.387
2023-07,Республика Казахстан,hay,33.007
2023-08,Республика Казахстан,hay,32.519
2023-09,Республика Казахстан,hay,35.114
2023-10,Республика Казахстан,hay,33.173
2023-11,Республика Казахстан,hay,32.748
2023-12,Республика Казахстан,hay,38.209
2024-01,Республика Казахстан,hay,37.005
2024-02,Республика Казахстан,hay,43.07
2024-03,Республика Казахстан,hay,37.709
2024-04,Республика Казахстан,hay,39.305
2024-05,Республика Казахстан,hay,31.445
2024-06,Республика Казахстан,hay,39.409
2024-07,Республика Казахстан,hay,33.859
2024-08,Республика Казахстан,hay,28.062
2024-09,Республика Казахстан,hay,29.625
2024-10,Республика Казахстан,hay,25.38
2024-11,Республика Казахстан,hay,34.945
2024-12,Республика Казахстан,hay,40.211
2025-01,Республика Казахстан,hay,41.626
2025-02,Республика Казахстан,hay,46.17
2025-03,Республика Казахстан,hay,35.331
2025-04,Республика Казахстан,hay,33.24
2025-05,Республика Казахстан,hay,26.758
2025-06,Республика Казахстан,hay,31.599
2025-07,Республика Казахстан,hay,33.466
2025-08,Республика Казахстан,hay,32.625
2025-09,Республика Казахстан,hay,35.897
2025-10,Республика Казахстан,hay,31.109
2025-11,Республика Казахстан,hay,43.634
2025-12,Республика Казахстан,hay,40.902
2026-01,Республика Казахстан,hay,39.758
2026-02,Республика Казахстан,hay,30.349
2026-03,Республика Казахстан,hay,30.135
2026-04,Республика Казахстан,hay,30.315
2026-05,Республика Казахстан,hay,35.848
2026-06,Республика Казахстан,hay,56.865
2026-07,Республика Казахстан,hay,38.618
2026-08,Республика Казахстан,hay,43.071
2023-07,Туркестанская,hay,37.147
2023-08,Туркестанская,hay,43.667
2023-09,Туркестанская,hay,40.257
2024-06,Туркестанская,hay,44.697
2024-07,Туркестанская,hay,38.31
2024-08,Туркестанская,hay,25.191
2024-09,Туркестанская,hay,16.333
2025-06,Туркестанская,hay,32.232
2025-07,Туркестанская,hay,33.12
2025-08,Туркестанская,hay,31.064
2026-08,Туркестанская,hay,52.984
2022-10,Абай,sheep,628.993
2022-11,Абай,sheep,638.344
2022-12,Абай,sheep,618.429
2023-02,Абай,sheep,740.165
2023-08,Абай,sheep,813.161
2023-10,Абай,sheep,874.332
2023-11,Абай,sheep,839.007
2024-01,Абай,sheep,831.602
2024-02,Абай,sheep,860.029
2024-03,Абай,sheep,883.74
2024-04,Абай,sheep,855.47
2024-05,Абай,sheep,852.9
2024-06,Абай,sheep,881.746
2024-07,Абай,sheep,866.137
2024-08,Абай,sheep,913.407
2024-09,Абай,sheep,930.721
2024-10,Абай,sheep,876.053
2024-11,Абай,sheep,967.44
2024-12,Абай,sheep,972.815
2025-01,Абай,sheep,975.107
2025-02,Абай,sheep,900.98
2025-03,Абай,sheep,1002.337
2025-04,Абай,sheep,1055.563
2025-05,Абай,sheep,1109.957
2025-06,Абай,sheep,1179.612
2025-07,Абай,sheep,1391.491
2025-08,Абай,sheep,1414.16
2025-09,Абай,sheep,1498.303
2025-10,Абай,sheep,1428.245
2025-11,Абай,sheep,1472.553
2025-12,Абай,sheep,1516.018
2026-01,Абай,sheep,1439.469
2026-02,Абай,sheep,1532.562
2026-03,Абай,sheep,1528.828
2026-04,Абай,sheep,1665.72
2026-05,Абай,sheep,1628.005
2026-06,Абай,sheep,1665.649
2026-07,Абай,sheep,1791.56
2026-08,Абай,sheep,1819.581
2023-01,Акмолинская,sheep,1252.481
2023-03,Акмолинская,sheep,1252.481
2023-04,Акмолинская,sheep,1252.481
2023-05,Акмолинская,sheep,1293.274
2023-08,Акмолинская,sheep,1252.481
2023-09,Акмолинская,sheep,1252.481
2023-10,Акмолинская,sheep,1185.396
2023-11,Акмолинская,sheep,1252.481
2023-12,Акмолинская,sheep,1170.012
2024-01,Акмолинская,sheep,1192.138
2024-03,Акмолинская,sheep,1132.282
2022-10,Актюбинская,sheep,827.691
2022-11,Актюбинская,sheep,848.024
2022-12,Актюбинская,sheep,849.92
2023-01,Актюбинская,sheep,842.839
2023-02,Актюбинская,sheep,881.785
2023-03,Актюбинская,sheep,878.197
2023-04,Актюбинская,sheep,917.47
2023-05,Актюбинская,sheep,880.343
2023-06,Актюбинская,sheep,850.297
2023-07,Актюбинская,sheep,873.861
2023-08,Актюбинская,sheep,894.409
2023-09,Актюбинская,sheep,883.602
2023-10,Актюбинская,sheep,902.424
2023-11,Актюбинская,sheep,881.197
2023-12,Актюбинская,sheep,876.328
2024-01,Актюбинская,sheep,892.957
2024-02,Актюбинская,sheep,892.512
2024-03,Актюбинская,sheep,838.617
2024-04,Актюбинская,sheep,850.105
2024-05,Актюбинская,sheep,847.574
2024-06,Актюбинская,sheep,897.036
2024-07,Актюбинская,sheep,857.275
2024-08,Актюбинская,sheep,857.403
2024-09,Актюбинская,sheep,891.053
2024-10,Актюбинская,sheep,854.331
2024-11,Актюбинская,sheep,859.548
2024-12,Актюбинская,sheep,862.988
2025-01,Актюбинская,sheep,865.53
2025-02,Актюбинская,sheep,935.101
2025-03,Актюбинская,sheep,898.268
2025-04,Актюбинская,sheep,868.421
2025-05,Актюбинская,sheep,869.074
2025-06,Актюбинская,sheep,905.897
2025-07,Актюбинская,sheep,964.883
2025-08,Актюбинская,sheep,975.362
2025-09,Актюбинская,sheep,1003.363
2025-10,Актюбинская,sheep,950.886
2025-11,Актюбинская,sheep,973.686
2025-12,Актюбинская,sheep,1006.59
2026-01,Актюбинская,sheep,1121.85
2026-02,Актюбинская,sheep,1147.294
2026-03,Актюбинская,sheep,1190.66
2026-04,Актюбинская,sheep,1135.965
2026-05,Актюбинская,sheep,1072.533
2026-06,Актюбинская,sheep,1123.412
2026-07,Актюбинская,sheep,1130.093
2026-08,Актюбинская,sheep,999.783
2022-12,Алматинская,sheep,1344.411
2023-01,Алматинская,sheep,1220.49
2023-03,Алматинская,sheep,971.06
2023-04,Алматинская,sheep,1073.435
2023-05,Алматинская,sheep,1073.435
2023-08,Алматинская,sheep,1008.5
2023-09,Алматинская,sheep,1457.466
2023-10,Алматинская,sheep,1503.927
2023-11,Алматинская,sheep,1073.435
2023-12,Алматинская,sheep,1073.435
2024-01,Алматинская,sheep,1300.574
2024-02,Алматинская,sheep,1628.145
2024-03,Алматинская,sheep,1150.713
2024-04,Алматинская,sheep,1632.101
2024-05,Алматинская,sheep,1150.713
2024-06,Алматинская,sheep,1150.713
2024-08,Алматинская,sheep,1150.713
2024-09,Алматинская,sheep,1577.851
2024-10,Алматинская,sheep,1577.851
2024-12,Алматинская,sheep,1159.848
2025-01,Алматинская,sheep,1765.464
2025-04,Алматинская,sheep,1952.663
2025-10,Алматинская,sheep,1587.592
2025-11,Алматинская,sheep,1742.902
2025-12,Алматинская,sheep,1745.341
2026-01,Алматинская,sheep,1919.8
2026-02,Алматинская,sheep,1721.602
2026-03,Алматинская,sheep,1724.445
2026-04,Алматинская,sheep,1728.0
2026-05,Алматинская,sheep,1832.311
2026-06,Алматинская,sheep,1801.683
2026-07,Алматинская,sheep,1998.366
2026-08,Алматинская,sheep,2004.764
2022-10,Атырауская,sheep,732.656
2022-11,Атырауская,sheep,724.899
2022-12,Атырауская,sheep,737.366
2023-01,Атырауская,sheep,712.638
2023-02,Атырауская,sheep,777.064
2023-03,Атырауская,sheep,784.822
2023-04,Атырауская,sheep,823.157
2023-05,Атырауская,sheep,810.729
2023-06,Атырауская,sheep,815.228
2023-07,Атырауская,sheep,821.761
2023-08,Атырауская,sheep,826.754
2023-09,Атырауская,sheep,893.42
2023-10,Атырауская,sheep,898.052
2023-11,Атырауская,sheep,886.089
2023-12,Атырауская,sheep,919.776
2024-01,Атырауская,sheep,1008.003
2024-02,Атырауская,sheep,1134.839
2024-03,Атырауская,sheep,1316.768
2024-06,Атырауская,sheep,774.398
2024-08,Атырауская,sheep,1018.768
2024-11,Атырауская,sheep,868.466
2025-02,Атырауская,sheep,932.539
2025-03,Атырауская,sheep,932.539
2025-04,Атырауская,sheep,972.803
2026-03,Атырауская,sheep,1344.056
2026-06,Атырауская,sheep,1344.056
2022-10,Восточно-Казахстанская,sheep,840.091
2022-11,Восточно-Казахстанская,sheep,840.091
2022-12,Восточно-Казахстанская,sheep,846.826
2023-01,Восточно-Казахстанская,sheep,996.944
2023-02,Восточно-Казахстанская,sheep,923.354
2023-03,Восточно-Казахстанская,sheep,924.505
2023-04,Восточно-Казахстанская,sheep,931.759
2023-05,Восточно-Казахстанская,sheep,931.759
2023-06,Восточно-Казахстанская,sheep,918.72
2023-07,Восточно-Казахстанская,sheep,919.641
2023-09,Восточно-Казахстанская,sheep,919.645
2023-10,Восточно-Казахстанская,sheep,919.645
2023-11,Восточно-Казахстанская,sheep,971.026
2023-12,Восточно-Казахстанская,sheep,971.564
2024-01,Восточно-Казахстанская,sheep,1097.177
2024-02,Восточно-Казахстанская,sheep,960.715
2024-03,Восточно-Казахстанская,sheep,962.792
2024-04,Восточно-Казахстанская,sheep,974.891
2024-05,Восточно-Казахстанская,sheep,974.017
2024-06,Восточно-Казахстанская,sheep,974.891
2024-07,Восточно-Казахстанская,sheep,965.042
2024-08,Восточно-Казахстанская,sheep,964.748
2024-09,Восточно-Казахстанская,sheep,764.923
2024-10,Восточно-Казахстанская,sheep,771.663
2024-11,Восточно-Казахстанская,sheep,771.663
2024-12,Восточно-Казахстанская,sheep,769.992
2025-02,Восточно-Казахстанская,sheep,1031.352
2025-09,Восточно-Казахстанская,sheep,965.088
2025-10,Восточно-Казахстанская,sheep,965.68
2025-11,Восточно-Казахстанская,sheep,965.751
2025-12,Восточно-Казахстанская,sheep,966.765
2022-10,Жамбылская,sheep,909.366
2022-11,Жамбылская,sheep,894.514
2022-12,Жамбылская,sheep,942.032
2023-01,Жамбылская,sheep,824.677
2023-03,Жамбылская,sheep,917.997
2023-08,Жамбылская,sheep,799.817
2023-09,Жамбылская,sheep,822.864
2023-10,Жамбылская,sheep,858.847
2023-11,Жамбылская,sheep,824.894
2023-12,Жамбылская,sheep,839.437
2024-01,Жамбылская,sheep,908.417
2024-02,Жамбылская,sheep,865.784
2024-04,Жамбылская,sheep,917.943
2024-05,Жамбылская,sheep,932.101
2024-06,Жамбылская,sheep,893.939
2024-07,Жамбылская,sheep,881.325
2024-08,Жамбылская,sheep,891.426
2024-10,Жамбылская,sheep,758.282
2024-12,Жамбылская,sheep,926.253
2025-01,Жамбылская,sheep,1062.614
2025-03,Жамбылская,sheep,1044.543
2025-04,Жамбылская,sheep,1044.949
2025-05,Жамбылская,sheep,1032.652
2025-06,Жамбылская,sheep,1148.35
2025-07,Жамбылская,sheep,1036.941
2025-08,Жамбылская,sheep,1097.722
2025-09,Жамбылская,sheep,1079.811
2025-11,Жамбылская,sheep,1154.555
2025-12,Жамбылская,sheep,1146.248
2026-02,Жамбылская,sheep,1141.194
2026-03,Жамбылская,sheep,1140.918
2026-05,Жамбылская,sheep,1008.509
2026-06,Жамбылская,sheep,1010.551
2026-07,Жамбылская,sheep,1017.502
2026-08,Жамбылская,sheep,1029.195
2022-10,Жетісу,sheep,1065.544
2022-11,Жетісу,sheep,840.172
2022-12,Жетісу,sheep,847.147
2023-01,Жетісу,sheep,824.75
2024-01,Жетісу,sheep,866.283
2024-04,Жетісу,sheep,795.138
2024-06,Жетісу,sheep,829.396
2024-07,Жетісу,sheep,881.574
2024-12,Жетісу,sheep,929.367
2025-10,Жетісу,sheep,1313.399
2025-11,Жетісу,sheep,1309.849
2022-10,Западно-Казахстанская,sheep,825.712
2022-11,Западно-Казахстанская,sheep,843.423
2022-12,Западно-Казахстанская,sheep,818.995
2023-01,Западно-Казахстанская,sheep,835.049
2023-02,Западно-Казахстанская,sheep,826.487
2023-03,Западно-Казахстанская,sheep,823.598
2023-04,Западно-Казахстанская,sheep,805.827
2023-05,Западно-Казахстанская,sheep,806.517
2023-06,Западно-Казахстанская,sheep,852.39
2023-07,Западно-Казахстанская,sheep,856.389
2023-08,Западно-Казахстанская,sheep,837.8
2023-09,Западно-Казахстанская,sheep,866.003
2023-10,Западно-Казахстанская,sheep,852.347
2023-11,Западно-Казахстанская,sheep,857.625
2023-12,Западно-Казахстанская,sheep,864.731
2024-01,Западно-Казахстанская,sheep,895.572
2024-02,Западно-Казахстанская,sheep,829.024
2024-03,Западно-Казахстанская,sheep,836.507
2024-04,Западно-Казахстанская,sheep,846.227
2024-05,Западно-Казахстанская,sheep,859.274
2024-06,Западно-Казахстанская,sheep,884.556
2024-07,Западно-Казахстанская,sheep,889.366
2024-08,Западно-Казахстанская,sheep,878.363
2024-09,Западно-Казахстанская,sheep,882.756
2024-10,Западно-Казахстанская,sheep,881.489
2024-11,Западно-Казахстанская,sheep,886.654
2024-12,Западно-Казахстанская,sheep,873.879
2025-01,Западно-Казахстанская,sheep,851.348
2025-02,Западно-Казахстанская,sheep,890.351
2025-03,Западно-Казахстанская,sheep,899.056
2025-04,Западно-Казахстанская,sheep,877.056
2025-05,Западно-Казахстанская,sheep,911.925
2025-06,Западно-Казахстанская,sheep,908.272
2025-07,Западно-Казахстанская,sheep,875.695
2025-08,Западно-Казахстанская,sheep,907.949
2025-09,Западно-Казахстанская,sheep,929.327
2025-10,Западно-Казахстанская,sheep,964.165
2025-11,Западно-Казахстанская,sheep,970.436
2025-12,Западно-Казахстанская,sheep,945.015
2026-01,Западно-Казахстанская,sheep,954.928
2026-02,Западно-Казахстанская,sheep,932.027
2026-03,Западно-Казахстанская,sheep,933.235
2026-04,Западно-Казахстанская,sheep,937.253
2026-05,Западно-Казахстанская,sheep,944.145
2026-06,Западно-Казахстанская,sheep,985.891
2026-08,Западно-Казахстанская,sheep,1023.702
2026-07,ЗападноКазахстанская,sheep,997.229
2022-10,Карагандинская,sheep,871.788
2022-11,Карагандинская,sheep,735.065
2022-12,Карагандинская,sheep,722.265
2023-01,Карагандинская,sheep,853.931
2023-02,Карагандинская,sheep,788.48
2023-03,Карагандинская,sheep,803.63
2023-04,Карагандинская,sheep,825.649
2023-05,Карагандинская,sheep,832.751
2023-06,Карагандинская,sheep,839.854
2023-07,Карагандинская,sheep,801.564
2023-08,Карагандинская,sheep,849.34
2023-09,Карагандинская,sheep,850.551
2023-10,Карагандинская,sheep,1002.273
2023-11,Карагандинская,sheep,854.352
2023-12,Карагандинская,sheep,856.006
2024-01,Карагандинская,sheep,936.695
2024-02,Карагандинская,sheep,858.683
2024-03,Карагандинская,sheep,862.844
2024-04,Карагандинская,sheep,863.526
2024-05,Карагандинская,sheep,882.39
2024-06,Карагандинская,sheep,863.526
2024-07,Карагандинская,sheep,980.525
2024-09,Карагандинская,sheep,1157.149
2025-07,Карагандинская,sheep,916.166
2025-12,Карагандинская,sheep,1366.257
2022-10,Костанайская,sheep,555.0
2022-10,Кызылординская,sheep,922.195
2022-11,Кызылординская,sheep,920.245
2022-12,Кызылординская,sheep,1020.235
2023-01,Кызылординская,sheep,920.847
2023-02,Кызылординская,sheep,980.711
2023-03,Кызылординская,sheep,921.467
2023-04,Кызылординская,sheep,980.771
2023-05,Кызылординская,sheep,924.037
2023-06,Кызылординская,sheep,978.062
2023-07,Кызылординская,sheep,976.566
2023-08,Кызылординская,sheep,1017.171
2023-09,Кызылординская,sheep,992.183
2023-10,Кызылординская,sheep,1004.261
2023-11,Кызылординская,sheep,1015.025
2023-12,Кызылординская,sheep,1028.642
2024-01,Кызылординская,sheep,948.199
2024-02,Кызылординская,sheep,1040.201
2024-03,Кызылординская,sheep,984.66
2024-04,Кызылординская,sheep,984.08
2024-05,Кызылординская,sheep,984.833
2024-06,Кызылординская,sheep,984.26
2024-07,Кызылординская,sheep,985.006
2024-08,Кызылординская,sheep,985.093
2024-09,Кызылординская,sheep,988.658
2024-10,Кызылординская,sheep,988.759
2024-11,Кызылординская,sheep,988.928
2024-12,Кызылординская,sheep,988.995
2025-01,Кызылординская,sheep,1073.151
2025-02,Кызылординская,sheep,1039.886
2025-03,Кызылординская,sheep,1060.64
2025-04,Кызылординская,sheep,1062.419
2025-05,Кызылординская,sheep,1097.274
2025-06,Кызылординская,sheep,1071.015
2025-07,Кызылординская,sheep,1030.979
2025-08,Кызылординская,sheep,1073.029
2025-09,Кызылординская,sheep,1103.539
2025-10,Кызылординская,sheep,1037.328
2025-11,Кызылординская,sheep,1103.547
2025-12,Кызылординская,sheep,1063.418
2026-01,Кызылординская,sheep,1206.011
2026-02,Кызылординская,sheep,1164.603
2026-03,Кызылординская,sheep,1202.286
2026-04,Кызылординская,sheep,1162.654
2026-05,Кызылординская,sheep,1166.668
2026-06,Кызылординская,sheep,1222.613
2026-07,Кызылординская,sheep,1213.618
2026-08,Кызылординская,sheep,1166.132
2022-12,Мангистауская,sheep,905.332
2023-01,Мангистауская,sheep,936.162
2023-04,Мангистауская,sheep,903.763
2023-05,Мангистауская,sheep,1033.424
2023-06,Мангистауская,sheep,1041.294
2023-07,Мангистауская,sheep,1000.32
2023-08,Мангистауская,sheep,800.829
2023-09,Мангистауская,sheep,995.953
2023-10,Мангистауская,sheep,982.208
2023-11,Мангистауская,sheep,992.111
2023-12,Мангистауская,sheep,1015.853
2024-01,Мангистауская,sheep,1020.312
2024-03,Мангистауская,sheep,1161.838
2024-04,Мангистауская,sheep,1134.29
2024-05,Мангистауская,sheep,1119.959
2024-06,Мангистауская,sheep,1172.65
2024-07,Мангистауская,sheep,918.78
2024-08,Мангистауская,sheep,1253.483
2024-10,Мангистауская,sheep,1258.443
2024-11,Мангистауская,sheep,1362.012
2024-12,Мангистауская,sheep,1443.245
2025-01,Мангистауская,sheep,847.741
2025-02,Мангистауская,sheep,1179.346
2025-03,Мангистауская,sheep,1235.994
2025-04,Мангистауская,sheep,1313.938
2025-05,Мангистауская,sheep,1105.972
2025-06,Мангистауская,sheep,1174.477
2025-07,Мангистауская,sheep,1379.593
2025-08,Мангистауская,sheep,1392.913
2025-09,Мангистауская,sheep,1104.167
2025-10,Мангистауская,sheep,1098.088
2025-11,Мангистауская,sheep,1568.294
2025-12,Мангистауская,sheep,1720.513
2026-01,Мангистауская,sheep,1133.026
2026-02,Мангистауская,sheep,1665.621
2026-03,Мангистауская,sheep,1970.3
2026-04,Мангистауская,sheep,1599.546
2026-05,Мангистауская,sheep,1133.026
2026-06,Мангистауская,sheep,1443.961
2026-07,Мангистауская,sheep,1133.026
2026-08,Мангистауская,sheep,1133.026
2022-10,Павлодарская,sheep,1191.822
2022-11,Павлодарская,sheep,1195.513
2022-12,Павлодарская,sheep,1394.236
2023-01,Павлодарская,sheep,1518.653
2023-04,Павлодарская,sheep,1304.501
2023-05,Павлодарская,sheep,1304.501
2023-06,Павлодарская,sheep,1329.886
2023-08,Павлодарская,sheep,1307.702
2023-09,Павлодарская,sheep,1337.104
2023-10,Павлодарская,sheep,1357.017
2023-11,Павлодарская,sheep,1339.364
2023-12,Павлодарская,sheep,1350.512
2024-01,Павлодарская,sheep,1275.926
2024-04,Павлодарская,sheep,1276.348
2024-06,Павлодарская,sheep,1152.167
2024-07,Павлодарская,sheep,1278.155
2024-08,Павлодарская,sheep,1274.876
2024-09,Павлодарская,sheep,1197.317
2024-10,Павлодарская,sheep,1312.463
2024-11,Павлодарская,sheep,1212.631
2025-02,Павлодарская,sheep,1123.447
2025-03,Павлодарская,sheep,1093.783
2025-09,Павлодарская,sheep,1002.697
2025-12,Павлодарская,sheep,1093.783
2019-10,Республика Казахстан,sheep,647.552
2019-12,Республика Казахстан,sheep,622.574
2020-03,Республика Казахстан,sheep,722.052
2020-04,Республика Казахстан,sheep,708.178
2020-05,Республика Казахстан,sheep,714.626
2020-06,Республика Казахстан,sheep,712.235
2020-07,Республика Казахстан,sheep,724.487
2020-08,Республика Казахстан,sheep,750.878
2020-09,Республика Казахстан,sheep,674.327
2020-10,Республика Казахстан,sheep,695.105
2020-11,Республика Казахстан,sheep,728.57
2020-12,Республика Казахстан,sheep,730.172
2021-01,Республика Казахстан,sheep,757.381
2021-02,Республика Казахстан,sheep,773.577
2021-03,Республика Казахстан,sheep,797.21
2021-04,Республика Казахстан,sheep,777.73
2021-05,Республика Казахстан,sheep,738.942
2021-06,Республика Казахстан,sheep,746.037
2021-07,Республика Казахстан,sheep,782.771
2021-08,Республика Казахстан,sheep,754.657
2021-09,Республика Казахстан,sheep,745.904
2021-10,Республика Казахстан,sheep,762.015
2021-11,Республика Казахстан,sheep,767.544
2021-12,Республика Казахстан,sheep,753.747
2022-10,Республика Казахстан,sheep,887.334
2022-11,Республика Казахстан,sheep,863.634
2022-12,Республика Казахстан,sheep,914.585
2023-01,Республика Казахстан,sheep,942.436
2023-02,Республика Казахстан,sheep,910.89
2023-03,Республика Казахстан,sheep,886.267
2023-04,Республика Казахстан,sheep,915.288
2023-05,Республика Казахстан,sheep,976.411
2023-06,Республика Казахстан,sheep,926.338
2023-07,Республика Казахстан,sheep,898.242
2023-08,Республика Казахстан,sheep,908.959
2023-09,Республика Казахстан,sheep,1015.236
2023-10,Республика Казахстан,sheep,1024.849
2023-11,Республика Казахстан,sheep,912.687
2023-12,Республика Казахстан,sheep,951.995
2024-01,Республика Казахстан,sheep,1026.393
2024-02,Республика Казахстан,sheep,1036.355
2024-03,Республика Казахстан,sheep,947.454
2024-04,Республика Казахстан,sheep,1038.073
2024-05,Республика Казахстан,sheep,956.111
2024-06,Республика Казахстан,sheep,944.471
2024-07,Республика Казахстан,sheep,952.804
2024-08,Республика Казахстан,sheep,989.673
2024-09,Республика Казахстан,sheep,1036.942
2024-10,Республика Казахстан,sheep,1076.369
2024-11,Республика Казахстан,sheep,986.683
2024-12,Республика Казахстан,sheep,1004.545
2025-01,Республика Казахстан,sheep,1168.769
2025-02,Республика Казахстан,sheep,1106.955
2025-03,Республика Казахстан,sheep,1131.424
2025-04,Республика Казахстан,sheep,1257.363
2025-05,Республика Казахстан,sheep,1147.3
2025-06,Республика Казахстан,sheep,1214.939
2025-07,Республика Казахстан,sheep,1258.456
2025-08,Республика Казахстан,sheep,1249.785
2025-09,Республика Казахстан,sheep,1248.753
2025-10,Республика Казахстан,sheep,1275.269
2025-11,Республика Казахстан,sheep,1291.504
2025-12,Республика Казахстан,sheep,1206.997
2026-01,Республика Казахстан,sheep,1337.228
2026-02,Республика Казахстан,sheep,1379.754
2026-03,Республика Казахстан,sheep,1419.099
2026-04,Республика Казахстан,sheep,1288.436
2026-05,Республика Казахстан,sheep,1338.274
2026-06,Республика Казахстан,sheep,1463.905
2026-07,Республика Казахстан,sheep,1400.585
2026-08,Республика Казахстан,sheep,1396.776
2022-10,Туркестанская,sheep,613.161
2022-11,Туркестанская,sheep,731.543
2022-12,Туркестанская,sheep,735.591
2023-03,Туркестанская,sheep,666.189
2023-05,Туркестанская,sheep,668.122
2023-07,Туркестанская,sheep,723.301
2023-08,Туркестанская,sheep,673.295
2023-09,Туркестанская,sheep,737.466
2023-10,Туркестанская,sheep,707.768
2023-11,Туркестанская,sheep,670.849
2023-12,Туркестанская,sheep,748.178
2024-05,Туркестанская,sheep,709.17
2024-06,Туркестанская,sheep,677.827
2024-07,Туркестанская,sheep,697.129
2024-08,Туркестанская,sheep,758.724
2024-09,Туркестанская,sheep,709.997
2024-10,Туркестанская,sheep,755.035
2022-10,Ұлытау,sheep,802.549
2022-11,Ұлытау,sheep,759.841
2022-12,Ұлытау,sheep,778.436
2023-01,Ұлытау,sheep,705.217
2023-02,Ұлытау,sheep,763.773
2023-03,Ұлытау,sheep,835.527
2023-06,Ұлытау,sheep,820.739
2023-07,Ұлытау,sheep,838.965
2023-08,Ұлытау,sheep,964.743
2023-09,Ұлытау,sheep,937.57
2023-10,Ұлытау,sheep,1056.685
2023-11,Ұлытау,sheep,993.161
2023-12,Ұлытау,sheep,1159.745
2024-01,Ұлытау,sheep,1207.869
2024-02,Ұлытау,sheep,1029.269
2024-03,Ұлытау,sheep,1040.371
2024-04,Ұлытау,sheep,896.671
2024-05,Ұлытау,sheep,1000.929
2024-06,Ұлытау,sheep,912.247
2024-07,Ұлытау,sheep,952.764
2024-08,Ұлытау,sheep,963.238
2024-09,Ұлытау,sheep,934.125
2024-10,Ұлытау,sheep,969.406
2024-11,Ұлытау,sheep,982.505
2024-12,Ұлытау,sheep,923.989
2025-02,Ұлытау,sheep,806.161
2025-06,Ұлытау,sheep,939.835
2025-07,Ұлытау,sheep,1210.569
2025-08,Ұлытау,sheep,1039.377
2025-09,Ұлытау,sheep,1116.16
2026-05,Ұлытау,sheep,1188.243
2026-06,Ұлытау,sheep,1111.181
2026-07,Ұлытау,sheep,1083.98
2026-08,Ұлытау,sheep,1083.509
2022-10,Абай,wheat,91.864
2023-01,Абай,wheat,106.302
2023-05,Абай,wheat,80.155
2023-07,Абай,wheat,83.511
2023-08,Абай,wheat,78.534
2023-09,Абай,wheat,76.974
2023-10,Абай,wheat,82.15
2023-11,Абай,wheat,68.483
2023-12,Абай,wheat,94.233
2024-01,Абай,wheat,84.932
2024-02,Абай,wheat,84.602
2024-08,Абай,wheat,78.023
2024-09,Абай,wheat,72.616
2024-10,Абай,wheat,79.792
2024-11,Абай,wheat,66.523
2024-12,Абай,wheat,68.141
2025-01,Абай,wheat,75.686
2025-02,Абай,wheat,63.352
2025-05,Абай,wheat,75.594
2025-06,Абай,wheat,82.257
2025-08,Абай,wheat,82.307
2025-10,Абай,wheat,72.059
2025-11,Абай,wheat,78.403
2025-12,Абай,wheat,78.104
2026-01,Абай,wheat,83.225
2026-02,Абай,wheat,82.212
2026-03,Абай,wheat,81.949
2026-04,Абай,wheat,83.628
2026-05,Абай,wheat,84.425
2026-06,Абай,wheat,91.027
2026-07,Абай,wheat,86.616
2022-10,Акмолинская,wheat,113.147
2022-11,Акмолинская,wheat,110.19
2022-12,Акмолинская,wheat,107.309
2023-01,Акмолинская,wheat,110.245
2023-02,Акмолинская,wheat,105.684
2023-03,Акмолинская,wheat,99.293
2023-04,Акмолинская,wheat,93.514
2023-05,Акмолинская,wheat,97.003
2023-06,Акмолинская,wheat,92.442
2023-07,Акмолинская,wheat,85.383
2023-08,Акмолинская,wheat,84.053
2023-09,Акмолинская,wheat,86.183
2023-10,Акмолинская,wheat,114.945
2023-11,Акмолинская,wheat,113.407
2023-12,Акмолинская,wheat,103.727
2024-01,Акмолинская,wheat,105.66
2024-02,Акмолинская,wheat,122.99
2024-03,Акмолинская,wheat,129.32
2024-04,Акмолинская,wheat,118.563
2024-05,Акмолинская,wheat,119.087
2024-06,Акмолинская,wheat,117.585
2024-07,Акмолинская,wheat,124.708
2024-08,Акмолинская,wheat,104.189
2024-09,Акмолинская,wheat,93.132
2024-10,Акмолинская,wheat,84.797
2024-11,Акмолинская,wheat,69.321
2024-12,Акмолинская,wheat,69.162
2025-01,Акмолинская,wheat,74.358
2025-02,Акмолинская,wheat,72.558
2025-03,Акмолинская,wheat,77.441
2025-04,Акмолинская,wheat,84.651
2025-05,Акмолинская,wheat,90.49
2025-06,Акмолинская,wheat,92.976
2025-07,Акмолинская,wheat,95.408
2025-08,Акмолинская,wheat,90.312
2025-09,Акмолинская,wheat,92.746
2025-10,Акмолинская,wheat,88.182
2025-11,Акмолинская,wheat,86.642
2025-12,Акмолинская,wheat,86.942
2026-01,Акмолинская,wheat,85.102
2026-02,Акмолинская,wheat,86.777
2026-03,Акмолинская,wheat,90.47
2026-04,Акмолинская,wheat,87.073
2026-05,Акмолинская,wheat,92.883
2026-06,Акмолинская,wheat,93.06
2026-07,Акмолинская,wheat,91.469
2026-08,Акмолинская,wheat,92.047
2022-10,Актюбинская,wheat,106.579
2022-11,Актюбинская,wheat,106.473
2022-12,Актюбинская,wheat,98.84
2023-01,Актюбинская,wheat,109.772
2023-02,Актюбинская,wheat,97.322
2023-03,Актюбинская,wheat,94.844
2023-04,Актюбинская,wheat,88.838
2023-05,Актюбинская,wheat,98.384
2023-06,Актюбинская,wheat,83.892
2023-07,Актюбинская,wheat,73.826
2023-08,Актюбинская,wheat,68.713
2023-09,Актюбинская,wheat,80.466
2023-10,Актюбинская,wheat,77.039
2023-11,Актюбинская,wheat,72.624
2023-12,Актюбинская,wheat,88.729
2024-01,Актюбинская,wheat,63.791
2024-03,Актюбинская,wheat,93.151
2024-06,Актюбинская,wheat,114.629
2024-09,Актюбинская,wheat,74.703
2024-10,Актюбинская,wheat,72.904
2024-11,Актюбинская,wheat,68.612
2024-12,Актюбинская,wheat,66.345
2025-01,Актюбинская,wheat,64.619
2025-02,Актюбинская,wheat,77.983
2025-03,Актюбинская,wheat,71.509
2025-04,Актюбинская,wheat,81.042
2025-05,Актюбинская,wheat,104.907
2025-06,Актюбинская,wheat,92.892
2025-08,Актюбинская,wheat,83.519
2025-09,Актюбинская,wheat,81.99
2025-10,Актюбинская,wheat,84.308
2025-11,Актюбинская,wheat,88.216
2025-12,Актюбинская,wheat,91.949
2026-01,Актюбинская,wheat,91.937
2026-03,Актюбинская,wheat,99.303
2026-06,Актюбинская,wheat,115.654
2026-07,Актюбинская,wheat,106.125
2026-08,Актюбинская,wheat,85.89
2022-10,Алматинская,wheat,146.027
2022-11,Алматинская,wheat,126.002
2022-12,Алматинская,wheat,114.422
2023-01,Алматинская,wheat,146.114
2023-04,Алматинская,wheat,127.422
2023-08,Алматинская,wheat,79.2
2023-09,Алматинская,wheat,130.032
2023-10,Алматинская,wheat,132.137
2024-09,Алматинская,wheat,85.82
2025-10,Алматинская,wheat,115.127
2026-04,Алматинская,wheat,96.172
2022-11,Восточно-Казахстанская,wheat,105.687
2022-12,Восточно-Казахстанская,wheat,105.032
2023-02,Восточно-Казахстанская,wheat,85.853
2023-03,Восточно-Казахстанская,wheat,87.743
2023-04,Восточно-Казахстанская,wheat,84.07
2023-05,Восточно-Казахстанская,wheat,90.482
2023-06,Восточно-Казахстанская,wheat,67.2
2023-08,Восточно-Казахстанская,wheat,76.111
2023-09,Восточно-Казахстанская,wheat,79.67
2023-10,Восточно-Казахстанская,wheat,93.324
2023-11,Восточно-Казахстанская,wheat,105.019
2023-12,Восточно-Казахстанская,wheat,101.427
2024-01,Восточно-Казахстанская,wheat,65.464
2024-02,Восточно-Казахстанская,wheat,79.254
2024-03,Восточно-Казахстанская,wheat,75.618
2024-04,Восточно-Казахстанская,wheat,61.595
2024-08,Восточно-Казахстанская,wheat,74.44
2024-09,Восточно-Казахстанская,wheat,65.461
2024-10,Восточно-Казахстанская,wheat,62.89
2024-11,Восточно-Казахстанская,wheat,60.997
2024-12,Восточно-Казахстанская,wheat,55.723
2025-01,Восточно-Казахстанская,wheat,84.785
2025-02,Восточно-Казахстанская,wheat,66.106
2025-03,Восточно-Казахстанская,wheat,60.801
2025-05,Восточно-Казахстанская,wheat,63.388
2025-06,Восточно-Казахстанская,wheat,67.765
2025-07,Восточно-Казахстанская,wheat,74.789
2025-08,Восточно-Казахстанская,wheat,81.792
2025-09,Восточно-Казахстанская,wheat,78.512
2025-10,Восточно-Казахстанская,wheat,81.219
2025-11,Восточно-Казахстанская,wheat,68.595
2025-12,Восточно-Казахстанская,wheat,74.222
2026-01,Восточно-Казахстанская,wheat,83.387
2026-02,Восточно-Казахстанская,wheat,75.223
2026-03,Восточно-Казахстанская,wheat,77.073
2026-05,Восточно-Казахстанская,wheat,95.702
2026-06,Восточно-Казахстанская,wheat,87.886
2022-10,Жамбылская,wheat,105.333
2022-11,Жамбылская,wheat,103.751
2022-12,Жамбылская,wheat,126.459
2023-08,Жамбылская,wheat,97.741
2023-09,Жамбылская,wheat,101.45
2023-10,Жамбылская,wheat,91.736
2023-11,Жамбылская,wheat,89.046
2024-12,Жамбылская,wheat,72.62
2022-10,Жетісу,wheat,102.92
2022-11,Жетісу,wheat,120.0
2022-12,Жетісу,wheat,112.465
2023-01,Жетісу,wheat,120.0
2023-08,Жетісу,wheat,74.48
2023-10,Жетісу,wheat,88.061
2024-08,Жетісу,wheat,70.942
2024-11,Жетісу,wheat,68.544
2025-01,Жетісу,wheat,55.0
2022-10,Западно-Казахстанская,wheat,106.1
2022-11,Западно-Казахстанская,wheat,101.214
2022-12,Западно-Казахстанская,wheat,97.342
2023-01,Западно-Казахстанская,wheat,102.969
2023-02,Западно-Казахстанская,wheat,110.059
2023-03,Западно-Казахстанская,wheat,111.328
2023-04,Западно-Казахстанская,wheat,96.015
2023-05,Западно-Казахстанская,wheat,82.344
2023-06,Западно-Казахстанская,wheat,86.269
2023-07,Западно-Казахстанская,wheat,96.015
2023-08,Западно-Казахстанская,wheat,86.964
2023-09,Западно-Казахстанская,wheat,86.321
2023-10,Западно-Казахстанская,wheat,86.984
2023-11,Западно-Казахстанская,wheat,89.024
2023-12,Западно-Казахстанская,wheat,98.839
2024-01,Западно-Казахстанская,wheat,93.706
2024-02,Западно-Казахстанская,wheat,103.44
2024-03,Западно-Казахстанская,wheat,92.903
2024-04,Западно-Казахстанская,wheat,88.946
2024-05,Западно-Казахстанская,wheat,89.152
2024-06,Западно-Казахстанская,wheat,104.072
2024-07,Западно-Казахстанская,wheat,92.903
2024-08,Западно-Казахстанская,wheat,83.758
2024-09,Западно-Казахстанская,wheat,95.955
2024-10,Западно-Казахстанская,wheat,107.638
2024-11,Западно-Казахстанская,wheat,99.586
2024-12,Западно-Казахстанская,wheat,90.96
2025-01,Западно-Казахстанская,wheat,89.264
2025-04,Западно-Казахстанская,wheat,99.875
2025-05,Западно-Казахстанская,wheat,86.441
2025-06,Западно-Казахстанская,wheat,85.259
2025-08,Западно-Казахстанская,wheat,72.672
2025-09,Западно-Казахстанская,wheat,88.485
2025-10,Западно-Казахстанская,wheat,82.499
2025-11,Западно-Казахстанская,wheat,84.478
2025-12,Западно-Казахстанская,wheat,84.532
2026-01,Западно-Казахстанская,wheat,80.99
2026-02,Западно-Казахстанская,wheat,91.046
2026-03,Западно-Казахстанская,wheat,99.445
2026-05,Западно-Казахстанская,wheat,99.68
2026-08,Западно-Казахстанская,wheat,83.681
2022-10,Карагандинская,wheat,127.381
2022-11,Карагандинская,wheat,101.678
2022-12,Карагандинская,wheat,102.865
2023-01,Карагандинская,wheat,109.288
2023-02,Карагандинская,wheat,105.682
2023-03,Карагандинская,wheat,95.251
2023-04,Карагандинская,wheat,89.462
2023-05,Карагандинская,wheat,87.702
2023-06,Карагандинская,wheat,90.005
2023-07,Карагандинская,wheat,84.896
2023-08,Карагандинская,wheat,80.742
2023-09,Карагандинская,wheat,84.096
2023-10,Карагандинская,wheat,95.298
2023-11,Карагандинская,wheat,85.118
2023-12,Карагандинская,wheat,91.259
2024-01,Карагандинская,wheat,87.658
2024-02,Карагандинская,wheat,102.795
2024-03,Карагандинская,wheat,107.257
2024-04,Карагандинская,wheat,80.732
2024-05,Карагандинская,wheat,95.722
2024-06,Карагандинская,wheat,85.48
2024-07,Карагандинская,wheat,87.004
2024-08,Карагандинская,wheat,93.804
2024-09,Карагандинская,wheat,78.75
2024-10,Карагандинская,wheat,77.2
2024-11,Карагандинская,wheat,76.06
2024-12,Карагандинская,wheat,64.969
2025-01,Карагандинская,wheat,72.872
2025-02,Карагандинская,wheat,73.997
2025-03,Карагандинская,wheat,84.496
2025-04,Карагандинская,wheat,86.461
2025-05,Карагандинская,wheat,84.955
2025-06,Карагандинская,wheat,93.975
2025-07,Карагандинская,wheat,88.454
2025-08,Карагандинская,wheat,98.8
2025-09,Карагандинская,wheat,93.305
2025-10,Карагандинская,wheat,82.154
2025-11,Карагандинская,wheat,79.98
2025-12,Карагандинская,wheat,81.744
2026-01,Карагандинская,wheat,88.19
2026-02,Карагандинская,wheat,86.796
2026-03,Карагандинская,wheat,97.908
2026-04,Карагандинская,wheat,94.382
2026-05,Карагандинская,wheat,90.096
2026-06,Карагандинская,wheat,92.245
2026-07,Карагандинская,wheat,89.725
2026-08,Карагандинская,wheat,88.383
2022-10,Костанайская,wheat,107.152
2022-11,Костанайская,wheat,107.478
2022-12,Костанайская,wheat,105.156
2023-01,Костанайская,wheat,104.201
2023-02,Костанайская,wheat,105.843
2023-03,Костанайская,wheat,96.671
2023-04,Костанайская,wheat,83.528
2023-05,Костанайская,wheat,83.956
2023-06,Костанайская,wheat,87.398
2023-07,Костанайская,wheat,76.635
2023-08,Костанайская,wheat,77.888
2023-09,Костанайская,wheat,75.794
2023-10,Костанайская,wheat,75.565
2023-11,Костанайская,wheat,100.999
2023-12,Костанайская,wheat,100.776
2024-01,Костанайская,wheat,107.014
2024-02,Костанайская,wheat,101.556
2024-03,Костанайская,wheat,95.801
2024-04,Костанайская,wheat,103.452
2024-05,Костанайская,wheat,103.363
2024-06,Костанайская,wheat,102.004
2024-07,Костанайская,wheat,95.109
2024-08,Костанайская,wheat,87.543
2024-09,Костанайская,wheat,77.966
2024-10,Костанайская,wheat,71.174
2024-11,Костанайская,wheat,72.287
2024-12,Костанайская,wheat,68.239
2025-01,Костанайская,wheat,63.613
2025-02,Костанайская,wheat,66.228
2025-03,Костанайская,wheat,77.212
2025-04,Костанайская,wheat,75.784
2025-05,Костанайская,wheat,86.674
2025-06,Костанайская,wheat,85.486
2025-07,Костанайская,wheat,86.617
2025-08,Костанайская,wheat,93.968
2025-09,Костанайская,wheat,85.343
2025-10,Костанайская,wheat,78.542
2025-11,Костанайская,wheat,76.221
2025-12,Костанайская,wheat,79.28
2026-01,Костанайская,wheat,77.948
2026-02,Костанайская,wheat,79.995
2026-03,Костанайская,wheat,84.029
2026-04,Костанайская,wheat,89.094
2026-05,Костанайская,wheat,87.859
2026-06,Костанайская,wheat,91.11
2026-07,Костанайская,wheat,88.089
2026-08,Костанайская,wheat,89.698
2023-09,Кызылординская,wheat,119.329
2024-08,Кызылординская,wheat,116.284
2024-10,Кызылординская,wheat,86.292
2025-09,Кызылординская,wheat,90.047
2025-10,Кызылординская,wheat,83.116
2026-01,Кызылординская,wheat,90.345
2022-10,Павлодарская,wheat,80.478
2022-11,Павлодарская,wheat,96.166
2022-12,Павлодарская,wheat,95.986
2023-01,Павлодарская,wheat,104.97
2023-02,Павлодарская,wheat,102.184
2023-03,Павлодарская,wheat,99.916
2023-04,Павлодарская,wheat,93.998
2023-05,Павлодарская,wheat,96.523
2023-06,Павлодарская,wheat,100.942
2023-07,Павлодарская,wheat,101.524
2023-08,Павлодарская,wheat,94.902
2023-09,Павлодарская,wheat,97.319
2023-10,Павлодарская,wheat,103.202
2023-11,Павлодарская,wheat,106.269
2023-12,Павлодарская,wheat,103.837
2024-01,Павлодарская,wheat,105.397
2024-02,Павлодарская,wheat,97.839
2024-03,Павлодарская,wheat,101.623
2024-04,Павлодарская,wheat,93.465
2024-05,Павлодарская,wheat,93.534
2024-07,Павлодарская,wheat,87.521
2024-08,Павлодарская,wheat,97.178
2024-09,Павлодарская,wheat,90.771
2024-10,Павлодарская,wheat,80.048
2024-11,Павлодарская,wheat,67.787
2024-12,Павлодарская,wheat,65.906
2025-01,Павлодарская,wheat,72.886
2025-02,Павлодарская,wheat,79.175
2025-03,Павлодарская,wheat,82.325
2025-04,Павлодарская,wheat,84.087
2025-05,Павлодарская,wheat,73.422
2025-06,Павлодарская,wheat,75.849
2025-07,Павлодарская,wheat,84.766
2025-08,Павлодарская,wheat,77.667
2025-09,Павлодарская,wheat,66.985
2025-10,Павлодарская,wheat,60.734
2025-11,Павлодарская,wheat,71.767
2025-12,Павлодарская,wheat,71.427
2026-01,Павлодарская,wheat,71.269
2026-02,Павлодарская,wheat,74.396
2026-03,Павлодарская,wheat,77.792
2026-04,Павлодарская,wheat,78.65
2026-05,Павлодарская,wheat,78.823
2026-06,Павлодарская,wheat,81.874
2026-07,Павлодарская,wheat,84.602
2026-08,Павлодарская,wheat,88.143
2019-10,Республика Казахстан,wheat,62.996
2019-12,Республика Казахстан,wheat,69.881
2020-03,Республика Казахстан,wheat,71.704
2020-04,Республика Казахстан,wheat,75.839
2020-05,Республика Казахстан,wheat,82.521
2020-06,Республика Казахстан,wheat,83.518
2020-07,Республика Казахстан,wheat,77.519
2020-08,Республика Казахстан,wheat,79.138
2020-09,Республика Казахстан,wheat,77.13
2020-10,Республика Казахстан,wheat,78.159
2020-11,Республика Казахстан,wheat,79.146
2020-12,Республика Казахстан,wheat,81.069
2021-02,Республика Казахстан,wheat,83.274
2021-03,Республика Казахстан,wheat,84.343
2021-04,Республика Казахстан,wheat,84.074
2021-05,Республика Казахстан,wheat,85.197
2021-06,Республика Казахстан,wheat,85.289
2021-07,Республика Казахстан,wheat,82.904
2021-08,Республика Казахстан,wheat,86.652
2021-09,Республика Казахстан,wheat,93.413
2021-10,Республика Казахстан,wheat,102.099
2021-11,Республика Казахстан,wheat,103.848
2021-12,Республика Казахстан,wheat,105.587
2022-10,Республика Казахстан,wheat,108.827
2022-11,Республика Казахстан,wheat,107.383
2022-12,Республика Казахстан,wheat,104.968
2023-01,Республика Казахстан,wheat,107.105
2023-02,Республика Казахстан,wheat,104.37
2023-03,Республика Казахстан,wheat,96.702
2023-04,Республика Казахстан,wheat,88.895
2023-05,Республика Казахстан,wheat,89.404
2023-06,Республика Казахстан,wheat,89.805
2023-07,Республика Казахстан,wheat,84.875
2023-08,Республика Казахстан,wheat,82.245
2023-09,Республика Казахстан,wheat,83.484
2023-10,Республика Казахстан,wheat,96.431
2023-11,Республика Казахстан,wheat,101.645
2023-12,Республика Казахстан,wheat,98.427
2024-01,Республика Казахстан,wheat,98.305
2024-02,Республика Казахстан,wheat,105.425
2024-03,Республика Казахстан,wheat,106.044
2024-04,Республика Казахстан,wheat,101.878
2024-05,Республика Казахстан,wheat,105.58
2024-06,Республика Казахстан,wheat,105.694
2024-07,Республика Казахстан,wheat,103.086
2024-08,Республика Казахстан,wheat,91.8
2024-09,Республика Казахстан,wheat,82.837
2024-10,Республика Казахстан,wheat,78.778
2024-11,Республика Казахстан,wheat,69.256
2024-12,Республика Казахстан,wheat,67.863
2025-01,Республика Казахстан,wheat,68.176
2025-02,Республика Казахстан,wheat,69.322
2025-03,Республика Казахстан,wheat,76.089
2025-04,Республика Казахстан,wheat,78.658
2025-05,Республика Казахстан,wheat,84.719
2025-06,Республика Казахстан,wheat,87.396
2025-07,Республика Казахстан,wheat,88.393
2025-08,Республика Казахстан,wheat,89.134
2025-09,Республика Казахстан,wheat,87.433
2025-10,Республика Казахстан,wheat,80.46
2025-11,Республика Казахстан,wheat,79.993
2025-12,Республика Казахстан,wheat,80.634
2026-01,Республика Казахстан,wheat,80.825
2026-02,Республика Казахстан,wheat,81.364
2026-03,Республика Казахстан,wheat,86.172
2026-04,Республика Казахстан,wheat,86.384
2026-05,Республика Казахстан,wheat,89.733
2026-06,Республика Казахстан,wheat,91.152
2026-07,Республика Казахстан,wheat,90.065
2026-08,Республика Казахстан,wheat,89.145
2022-10,Северо-Казахстанская,wheat,106.756
2022-11,Северо-Казахстанская,wheat,106.8
2022-12,Северо-Казахстанская,wheat,102.697
2023-01,Северо-Казахстанская,wheat,101.123
2023-02,Северо-Казахстанская,wheat,101.895
2023-03,Северо-Казахстанская,wheat,92.669
2023-04,Северо-Казахстанская,wheat,85.376
2023-05,Северо-Казахстанская,wheat,84.672
2023-06,Северо-Казахстанская,wheat,90.447
2023-07,Северо-Казахстанская,wheat,86.878
2023-08,Северо-Казахстанская,wheat,83.431
2023-09,Северо-Казахстанская,wheat,83.869
2023-10,Северо-Казахстанская,wheat,96.802
2023-11,Северо-Казахстанская,wheat,98.747
2023-12,Северо-Казахстанская,wheat,91.429
2024-01,Северо-Казахстанская,wheat,88.158
2024-02,Северо-Казахстанская,wheat,95.769
2024-03,Северо-Казахстанская,wheat,93.411
2024-04,Северо-Казахстанская,wheat,93.072
2024-05,Северо-Казахстанская,wheat,99.16
2024-06,Северо-Казахстанская,wheat,99.828
2024-07,Северо-Казахстанская,wheat,92.989
2024-08,Северо-Казахстанская,wheat,88.676
2024-09,Северо-Казахстанская,wheat,80.784
2024-10,Северо-Казахстанская,wheat,82.994
2024-11,Северо-Казахстанская,wheat,65.809
2024-12,Северо-Казахстанская,wheat,67.359
2025-01,Северо-Казахстанская,wheat,62.327
2025-02,Северо-Казахстанская,wheat,65.231
2025-03,Северо-Казахстанская,wheat,73.319
2025-04,Северо-Казахстанская,wheat,72.473
2025-05,Северо-Казахстанская,wheat,79.181
2025-06,Северо-Казахстанская,wheat,85.159
2025-07,Северо-Казахстанская,wheat,86.651
2025-08,Северо-Казахстанская,wheat,83.448
2025-09,Северо-Казахстанская,wheat,84.27
2025-10,Северо-Казахстанская,wheat,73.529
2025-11,Северо-Казахстанская,wheat,74.851
2025-12,Северо-Казахстанская,wheat,75.514
2026-01,Северо-Казахстанская,wheat,76.941
2026-02,Северо-Казахстанская,wheat,76.609
2026-03,Северо-Казахстанская,wheat,81.898
2026-04,Северо-Казахстанская,wheat,81.174
2026-05,Северо-Казахстанская,wheat,85.871
2026-06,Северо-Казахстанская,wheat,88.446
2026-08,Северо-Казахстанская,wheat,84.088
2026-07,СевероКазахстанская,wheat,88.137
2022-10,Туркестанская,wheat,111.92
2022-11,Туркестанская,wheat,115.476
2022-12,Туркестанская,wheat,114.815
2023-07,Туркестанская,wheat,105.05
2023-08,Туркестанская,wheat,80.229
2023-09,Туркестанская,wheat,75.511
2023-10,Туркестанская,wheat,78.842
2024-08,Туркестанская,wheat,69.65
2024-09,Туркестанская,wheat,65.923
2024-10,Туркестанская,wheat,59.246
2024-11,Туркестанская,wheat,59.897
2025-08,Туркестанская,wheat,99.934
2025-09,Туркестанская,wheat,97.005
2025-10,Туркестанская,wheat,97.675
2025-11,Туркестанская,wheat,106.821
2026-08,Туркестанская,wheat,96.986
